Time,Train accuracy,Test accuracy,General seed,A train seed,Model seed,D train seed,Error seed,Learn seed,A test seed,Initial model seed,SA seed,N_tr,N_te,M,K_o,K_e,N_bc,Error,Method,Original model,Elicited model,Gamma,Non dictator,Lexicographic order,Profiles number,Max profiles number,T0,Alpha,L,Tf,Max time,Max iter,Max iter non improving,Seed,A train seed,Model seed,D train seed,Error seed,Learn seed,A test seed,
89.696679322,1.0,0.9981099303224342,28557,2423203341,3154602645,276928385,695666682,3130497157,2887180532,4114732612,1357937905,500,5000,3,1,1,2000,0.0,SA,RMP,RMP,None,None,None,None,None,0.0005,0.9999,1,5e-05,None,None,None,28557,None,None,None,None,None,None
145.97276119400001,1.0,0.9969730208345405,4683,4238664696,2871761316,2181178909,1861947684,1382455498,16242776,3097716372,501337898,500,5000,3,2,2,2000,0.0,SA,RMP,RMP,None,None,None,None,None,0.0005,0.9999,1,5e-05,None,None,None,4683,None,None,None,None,None,None
150.97178054900002,1.0,0.9930434350728768,4683,4238664696,2871761316,2181178909,1861947684,1382455498,16242776,3097716372,501337898,500,5000,3,1,1,2000,0.0,SA,RMP,RMP,None,None,None,None,None,0.0005,0.9999,1,5e-05,None,None,None,4683,None,None,None,None,None,None
191.61878662,1.0,0.9961784306275578,28557,2423203341,3154602645,276928385,695666682,3130497157,2887180532,4114732612,1357937905,500,5000,3,2,2,2000,0.0,SA,RMP,RMP,None,None,None,None,None,0.0005,0.9999,1,5e-05,None,None,None,28557,None,None,None,None,None,None
237.231222088,1.0,0.9845883897781144,28557,2423203341,3154602645,276928385,695666682,3130497157,2887180532,4114732612,1357937905,500,5000,6,1,1,2000,0.0,SA,RMP,RMP,None,None,None,None,None,0.0005,0.9999,1,5e-05,None,None,None,28557,None,None,None,None,None,None
106.019679056,1.0,0.9951012019312993,18452,3888530761,499689418,696973526,1904881790,396384015,23721371,1351313606,953193179,500,5000,3,2,2,2000,0.0,SA,RMP,RMP,None,None,None,None,None,0.0005,0.9999,1,5e-05,None,None,None,18452,None,None,None,None,None,None
265.17268970900005,0.999,0.9858849966675987,4683,4238664696,2871761316,2181178909,1861947684,1382455498,16242776,3097716372,501337898,500,5000,5,1,1,2000,0.0,SA,RMP,RMP,None,None,None,None,None,0.0005,0.9999,1,5e-05,None,None,None,4683,None,None,None,None,None,None
265.864210577,0.9995,0.9910243193026704,28557,2423203341,3154602645,276928385,695666682,3130497157,2887180532,4114732612,1357937905,500,5000,4,1,1,2000,0.0,SA,RMP,RMP,None,None,None,None,None,0.0005,0.9999,1,5e-05,None,None,None,28557,None,None,None,None,None,None
269.47739488499997,0.9995,0.9899658356414388,4683,4238664696,2871761316,2181178909,1861947684,1382455498,16242776,3097716372,501337898,500,5000,4,1,1,2000,0.0,SA,RMP,RMP,None,None,None,None,None,0.0005,0.9999,1,5e-05,None,None,None,4683,None,None,None,None,None,None
270.410437418,0.9965,0.9817782386175481,28557,2423203341,3154602645,276928385,695666682,3130497157,2887180532,4114732612,1357937905,500,5000,5,1,1,2000,0.0,SA,RMP,RMP,None,None,None,None,None,0.0005,0.9999,1,5e-05,None,None,None,28557,None,None,None,None,None,None
284.674657637,0.993,0.9552532542496734,4683,4238664696,2871761316,2181178909,1861947684,1382455498,16242776,3097716372,501337898,500,5000,6,1,1,2000,0.0,SA,RMP,RMP,None,None,None,None,None,0.0005,0.9999,1,5e-05,None,None,None,4683,None,None,None,None,None,None
309.493864643,0.9915,0.9386746675305381,28557,2423203341,3154602645,276928385,695666682,3130497157,2887180532,4114732612,1357937905,500,5000,7,1,1,2000,0.0,SA,RMP,RMP,None,None,None,None,None,0.0005,0.9999,1,5e-05,None,None,None,28557,None,None,None,None,None,None
311.26615988,0.9845,0.9461376868788449,4683,4238664696,2871761316,2181178909,1861947684,1382455498,16242776,3097716372,501337898,500,5000,7,1,1,2000,0.0,SA,RMP,RMP,None,None,None,None,None,0.0005,0.9999,1,5e-05,None,None,None,4683,None,None,None,None,None,None
362.626565492,1.0,0.9889741904935107,28557,2423203341,3154602645,276928385,695666682,3130497157,2887180532,4114732612,1357937905,500,5000,4,2,2,2000,0.0,SA,RMP,RMP,None,None,None,None,None,0.0005,0.9999,1,5e-05,None,None,None,28557,None,None,None,None,None,None
126.950442864,1.0,0.9888309715010959,18452,3888530761,499689418,696973526,1904881790,396384015,23721371,1351313606,953193179,500,5000,4,1,1,2000,0.0,SA,RMP,RMP,None,None,None,None,None,0.0005,0.9999,1,5e-05,None,None,None,18452,None,None,None,None,None,None
374.31805640100004,0.997,0.9904861634369807,4683,4238664696,2871761316,2181178909,1861947684,1382455498,16242776,3097716372,501337898,500,5000,4,2,2,2000,0.0,SA,RMP,RMP,None,None,None,None,None,0.0005,0.9999,1,5e-05,None,None,None,4683,None,None,None,None,None,None
375.139306398,0.9965,0.9687787516310364,4683,4238664696,2871761316,2181178909,1861947684,1382455498,16242776,3097716372,501337898,500,5000,5,2,2,2000,0.0,SA,RMP,RMP,None,None,None,None,None,0.0005,0.9999,1,5e-05,None,None,None,4683,None,None,None,None,None,None
376.131579163,0.9985,0.9845458480476188,28557,2423203341,3154602645,276928385,695666682,3130497157,2887180532,4114732612,1357937905,500,5000,5,2,2,2000,0.0,SA,RMP,RMP,None,None,None,None,None,0.0005,0.9999,1,5e-05,None,None,None,28557,None,None,None,None,None,None
227.455002482,1.0,0.9945096178495694,18452,3888530761,499689418,696973526,1904881790,396384015,23721371,1351313606,953193179,500,5000,3,1,1,2000,0.0,SA,RMP,RMP,None,None,None,None,None,0.0005,0.9999,1,5e-05,None,None,None,18452,None,None,None,None,None,None
389.577340341,0.988,0.9604170904398759,4683,4238664696,2871761316,2181178909,1861947684,1382455498,16242776,3097716372,501337898,500,5000,6,2,2,2000,0.0,SA,RMP,RMP,None,None,None,None,None,0.0005,0.9999,1,5e-05,None,None,None,4683,None,None,None,None,None,None
391.72781020900004,0.9995,0.964851922351973,28557,2423203341,3154602645,276928385,695666682,3130497157,2887180532,4114732612,1357937905,500,5000,6,2,2,2000,0.0,SA,RMP,RMP,None,None,None,None,None,0.0005,0.9999,1,5e-05,None,None,None,28557,None,None,None,None,None,None
416.242223556,0.985,0.8965140576221753,28557,2423203341,3154602645,276928385,695666682,3130497157,2887180532,4114732612,1357937905,500,5000,7,2,2,2000,0.0,SA,RMP,RMP,None,None,None,None,None,0.0005,0.9999,1,5e-05,None,None,None,28557,None,None,None,None,None,None
417.835787225,0.988,0.9123914811851327,4683,4238664696,2871761316,2181178909,1861947684,1382455498,16242776,3097716372,501337898,500,5000,7,2,2,2000,0.0,SA,RMP,RMP,None,None,None,None,None,0.0005,0.9999,1,5e-05,None,None,None,4683,None,None,None,None,None,None
60.514206657,1.0,0.9828653931900693,52305,1305449058,1673086023,359121565,80211648,1157383153,182086612,3056073149,499802036,500,5000,3,1,1,2000,0.0,SA,RMP,RMP,None,None,None,None,None,0.0005,0.9999,1,5e-05,None,None,None,52305,None,None,None,None,None,None
467.332915732,0.989,0.974779901205467,28557,2423203341,3154602645,276928385,695666682,3130497157,2887180532,4114732612,1357937905,500,5000,3,3,3,2000,0.0,SA,RMP,RMP,None,None,None,None,None,0.0005,0.9999,1,5e-05,None,None,None,28557,None,None,None,None,None,None
469.69913902400003,0.996,0.9856299306049456,4683,4238664696,2871761316,2181178909,1861947684,1382455498,16242776,3097716372,501337898,500,5000,3,3,3,2000,0.0,SA,RMP,RMP,None,None,None,None,None,0.0005,0.9999,1,5e-05,None,None,None,4683,None,None,None,None,None,None
472.49723862900004,0.992,0.9587637106508436,28557,2423203341,3154602645,276928385,695666682,3130497157,2887180532,4114732612,1357937905,500,5000,4,3,3,2000,0.0,SA,RMP,RMP,None,None,None,None,None,0.0005,0.9999,1,5e-05,None,None,None,28557,None,None,None,None,None,None
476.356954156,0.9985,0.9908133016513607,4683,4238664696,2871761316,2181178909,1861947684,1382455498,16242776,3097716372,501337898,500,5000,4,3,3,2000,0.0,SA,RMP,RMP,None,None,None,None,None,0.0005,0.9999,1,5e-05,None,None,None,4683,None,None,None,None,None,None
490.968695762,0.986,0.9335199124962454,4683,4238664696,2871761316,2181178909,1861947684,1382455498,16242776,3097716372,501337898,500,5000,5,3,3,2000,0.0,SA,RMP,RMP,None,None,None,None,None,0.0005,0.9999,1,5e-05,None,None,None,4683,None,None,None,None,None,None
493.412357877,0.999,0.9529221700398215,28557,2423203341,3154602645,276928385,695666682,3130497157,2887180532,4114732612,1357937905,500,5000,5,3,3,2000,0.0,SA,RMP,RMP,None,None,None,None,None,0.0005,0.9999,1,5e-05,None,None,None,28557,None,None,None,None,None,None
500.73941939400004,0.997,0.9678249364840152,4683,4238664696,2871761316,2181178909,1861947684,1382455498,16242776,3097716372,501337898,500,5000,6,3,3,2000,0.0,SA,RMP,RMP,None,None,None,None,None,0.0005,0.9999,1,5e-05,None,None,None,4683,None,None,None,None,None,None
501.082723967,0.998,0.9439535519790629,28557,2423203341,3154602645,276928385,695666682,3130497157,2887180532,4114732612,1357937905,500,5000,6,3,3,2000,0.0,SA,RMP,RMP,None,None,None,None,None,0.0005,0.9999,1,5e-05,None,None,None,28557,None,None,None,None,None,None
532.030872675,0.962,0.83665882036821,28557,2423203341,3154602645,276928385,695666682,3130497157,2887180532,4114732612,1357937905,500,5000,7,3,3,2000,0.0,SA,RMP,RMP,None,None,None,None,None,0.0005,0.9999,1,5e-05,None,None,None,28557,None,None,None,None,None,None
535.3101334309999,0.997,0.9144302963322412,4683,4238664696,2871761316,2181178909,1861947684,1382455498,16242776,3097716372,501337898,500,5000,7,3,3,2000,0.0,SA,RMP,RMP,None,None,None,None,None,0.0005,0.9999,1,5e-05,None,None,None,4683,None,None,None,None,None,None
272.34413572200003,0.997,0.9864882340149179,18452,3888530761,499689418,696973526,1904881790,396384015,23721371,1351313606,953193179,500,5000,5,1,1,2000,0.0,SA,RMP,RMP,None,None,None,None,None,0.0005,0.9999,1,5e-05,None,None,None,18452,None,None,None,None,None,None
133.412742665,1.0,0.9977842576737208,52305,1305449058,1673086023,359121565,80211648,1157383153,182086612,3056073149,499802036,500,5000,4,1,1,2000,0.0,SA,RMP,RMP,None,None,None,None,None,0.0005,0.9999,1,5e-05,None,None,None,52305,None,None,None,None,None,None
286.502579845,0.993,0.9460269559430817,18452,3888530761,499689418,696973526,1904881790,396384015,23721371,1351313606,953193179,500,5000,6,1,1,2000,0.0,SA,RMP,RMP,None,None,None,None,None,0.0005,0.9999,1,5e-05,None,None,None,18452,None,None,None,None,None,None
373.953971529,0.927,0.8309089877347134,18452,3888530761,499689418,696973526,1904881790,396384015,23721371,1351313606,953193179,500,5000,4,2,2,2000,0.0,SA,RMP,RMP,None,None,None,None,None,0.0005,0.9999,1,5e-05,None,None,None,18452,None,None,None,None,None,None
378.690268204,0.9995,0.9813572107888805,18452,3888530761,499689418,696973526,1904881790,396384015,23721371,1351313606,953193179,500,5000,5,2,2,2000,0.0,SA,RMP,RMP,None,None,None,None,None,0.0005,0.9999,1,5e-05,None,None,None,18452,None,None,None,None,None,None
202.105009166,1.0,0.992349514401731,52305,1305449058,1673086023,359121565,80211648,1157383153,182086612,3056073149,499802036,500,5000,5,1,1,2000,0.0,SA,RMP,RMP,None,None,None,None,None,0.0005,0.9999,1,5e-05,None,None,None,52305,None,None,None,None,None,None
479.620056055,0.9845,0.9615989083477792,18452,3888530761,499689418,696973526,1904881790,396384015,23721371,1351313606,953193179,500,5000,3,3,3,2000,0.0,SA,RMP,RMP,None,None,None,None,None,0.0005,0.9999,1,5e-05,None,None,None,18452,None,None,None,None,None,None
309.89383401699996,0.9875,0.9568134972146013,18452,3888530761,499689418,696973526,1904881790,396384015,23721371,1351313606,953193179,500,5000,7,1,1,2000,0.0,SA,RMP,RMP,None,None,None,None,None,0.0005,0.9999,1,5e-05,None,None,None,18452,None,None,None,None,None,None
52.829939009,1.0,0.9956326957683722,36726,786597525,3307918349,2293668062,1767947982,2436209378,2350997062,1935101271,1703855363,500,5000,3,1,1,2000,0.0,SA,RMP,RMP,None,None,None,None,None,0.0005,0.9999,1,5e-05,None,None,None,36726,None,None,None,None,None,None
388.793692608,0.996,0.9688729687433086,18452,3888530761,499689418,696973526,1904881790,396384015,23721371,1351313606,953193179,500,5000,6,2,2,2000,0.0,SA,RMP,RMP,None,None,None,None,None,0.0005,0.9999,1,5e-05,None,None,None,18452,None,None,None,None,None,None
55.737574970999994,1.0,0.9852097108274611,36726,786597525,3307918349,2293668062,1767947982,2436209378,2350997062,1935101271,1703855363,500,5000,4,1,1,2000,0.0,SA,RMP,RMP,None,None,None,None,None,0.0005,0.9999,1,5e-05,None,None,None,36726,None,None,None,None,None,None
472.02671902000003,0.9995,0.9904878745761407,18452,3888530761,499689418,696973526,1904881790,396384015,23721371,1351313606,953193179,500,5000,4,3,3,2000,0.0,SA,RMP,RMP,None,None,None,None,None,0.0005,0.9999,1,5e-05,None,None,None,18452,None,None,None,None,None,None
484.479619469,0.9965,0.9709630620500338,18452,3888530761,499689418,696973526,1904881790,396384015,23721371,1351313606,953193179,500,5000,5,3,3,2000,0.0,SA,RMP,RMP,None,None,None,None,None,0.0005,0.9999,1,5e-05,None,None,None,18452,None,None,None,None,None,None
365.071250001,0.9935,0.9801024989004131,52305,1305449058,1673086023,359121565,80211648,1157383153,182086612,3056073149,499802036,500,5000,3,2,2,2000,0.0,SA,RMP,RMP,None,None,None,None,None,0.0005,0.9999,1,5e-05,None,None,None,52305,None,None,None,None,None,None
278.66458353900003,0.9945,0.9637699035253048,52305,1305449058,1673086023,359121565,80211648,1157383153,182086612,3056073149,499802036,500,5000,6,1,1,2000,0.0,SA,RMP,RMP,None,None,None,None,None,0.0005,0.9999,1,5e-05,None,None,None,52305,None,None,None,None,None,None
411.85883472,0.99,0.9442540389350753,18452,3888530761,499689418,696973526,1904881790,396384015,23721371,1351313606,953193179,500,5000,7,2,2,2000,0.0,SA,RMP,RMP,None,None,None,None,None,0.0005,0.9999,1,5e-05,None,None,None,18452,None,None,None,None,None,None
306.59984556999996,0.983,0.9480648831519354,52305,1305449058,1673086023,359121565,80211648,1157383153,182086612,3056073149,499802036,500,5000,7,1,1,2000,0.0,SA,RMP,RMP,None,None,None,None,None,0.0005,0.9999,1,5e-05,None,None,None,52305,None,None,None,None,None,None
502.76458956900007,0.955,0.8516582899230604,18452,3888530761,499689418,696973526,1904881790,396384015,23721371,1351313606,953193179,500,5000,6,3,3,2000,0.0,SA,RMP,RMP,None,None,None,None,None,0.0005,0.9999,1,5e-05,None,None,None,18452,None,None,None,None,None,None
364.95205172799996,0.9995,0.9900109029658706,52305,1305449058,1673086023,359121565,80211648,1157383153,182086612,3056073149,499802036,500,5000,4,2,2,2000,0.0,SA,RMP,RMP,None,None,None,None,None,0.0005,0.9999,1,5e-05,None,None,None,52305,None,None,None,None,None,None
374.572377264,0.9445,0.8703689655000288,52305,1305449058,1673086023,359121565,80211648,1157383153,182086612,3056073149,499802036,500,5000,5,2,2,2000,0.0,SA,RMP,RMP,None,None,None,None,None,0.0005,0.9999,1,5e-05,None,None,None,52305,None,None,None,None,None,None
390.19934502800004,0.9965,0.9695158135551378,52305,1305449058,1673086023,359121565,80211648,1157383153,182086612,3056073149,499802036,500,5000,6,2,2,2000,0.0,SA,RMP,RMP,None,None,None,None,None,0.0005,0.9999,1,5e-05,None,None,None,52305,None,None,None,None,None,None
468.559692991,0.9795,0.9379047826017881,52305,1305449058,1673086023,359121565,80211648,1157383153,182086612,3056073149,499802036,500,5000,3,3,3,2000,0.0,SA,RMP,RMP,None,None,None,None,None,0.0005,0.9999,1,5e-05,None,None,None,52305,None,None,None,None,None,None
529.357174966,0.9895,0.9277493291951087,18452,3888530761,499689418,696973526,1904881790,396384015,23721371,1351313606,953193179,500,5000,7,3,3,2000,0.0,SA,RMP,RMP,None,None,None,None,None,0.0005,0.9999,1,5e-05,None,None,None,18452,None,None,None,None,None,None
26.764420390999998,1.0,0.9860393288148895,17739,474699015,1666647438,3616306077,1716866317,1519956516,4164005288,2276376793,1690245948,500,5000,3,1,1,2000,0.0,SA,RMP,RMP,None,None,None,None,None,0.0005,0.9999,1,5e-05,None,None,None,17739,None,None,None,None,None,None
412.39210579499996,0.988,0.9163857602659269,52305,1305449058,1673086023,359121565,80211648,1157383153,182086612,3056073149,499802036,500,5000,7,2,2,2000,0.0,SA,RMP,RMP,None,None,None,None,None,0.0005,0.9999,1,5e-05,None,None,None,52305,None,None,None,None,None,None
477.33692624800005,0.9995,0.979450697783445,52305,1305449058,1673086023,359121565,80211648,1157383153,182086612,3056073149,499802036,500,5000,4,3,3,2000,0.0,SA,RMP,RMP,None,None,None,None,None,0.0005,0.9999,1,5e-05,None,None,None,52305,None,None,None,None,None,None
480.377239175,0.985,0.9547306140906862,52305,1305449058,1673086023,359121565,80211648,1157383153,182086612,3056073149,499802036,500,5000,5,3,3,2000,0.0,SA,RMP,RMP,None,None,None,None,None,0.0005,0.9999,1,5e-05,None,None,None,52305,None,None,None,None,None,None
268.947955244,0.9945,0.9751740566105841,36726,786597525,3307918349,2293668062,1767947982,2436209378,2350997062,1935101271,1703855363,500,5000,5,1,1,2000,0.0,SA,RMP,RMP,None,None,None,None,None,0.0005,0.9999,1,5e-05,None,None,None,36726,None,None,None,None,None,None
498.31602796699997,0.9925,0.9449002264064178,52305,1305449058,1673086023,359121565,80211648,1157383153,182086612,3056073149,499802036,500,5000,6,3,3,2000,0.0,SA,RMP,RMP,None,None,None,None,None,0.0005,0.9999,1,5e-05,None,None,None,52305,None,None,None,None,None,None
361.187182229,0.941,0.85264144415296,36726,786597525,3307918349,2293668062,1767947982,2436209378,2350997062,1935101271,1703855363,500,5000,3,2,2,2000,0.0,SA,RMP,RMP,None,None,None,None,None,0.0005,0.9999,1,5e-05,None,None,None,36726,None,None,None,None,None,None
276.967075232,0.9965,0.9703849982187799,36726,786597525,3307918349,2293668062,1767947982,2436209378,2350997062,1935101271,1703855363,500,5000,6,1,1,2000,0.0,SA,RMP,RMP,None,None,None,None,None,0.0005,0.9999,1,5e-05,None,None,None,36726,None,None,None,None,None,None
369.02670223900003,0.9935,0.9551922424666559,36726,786597525,3307918349,2293668062,1767947982,2436209378,2350997062,1935101271,1703855363,500,5000,4,2,2,2000,0.0,SA,RMP,RMP,None,None,None,None,None,0.0005,0.9999,1,5e-05,None,None,None,36726,None,None,None,None,None,None
526.5881067920001,0.9895,0.8966893847451776,52305,1305449058,1673086023,359121565,80211648,1157383153,182086612,3056073149,499802036,500,5000,7,3,3,2000,0.0,SA,RMP,RMP,None,None,None,None,None,0.0005,0.9999,1,5e-05,None,None,None,52305,None,None,None,None,None,None
307.380959798,0.9895,0.9425915958357137,36726,786597525,3307918349,2293668062,1767947982,2436209378,2350997062,1935101271,1703855363,500,5000,7,1,1,2000,0.0,SA,RMP,RMP,None,None,None,None,None,0.0005,0.9999,1,5e-05,None,None,None,36726,None,None,None,None,None,None
155.817282614,1.0,0.985955323312035,17739,474699015,1666647438,3616306077,1716866317,1519956516,4164005288,2276376793,1690245948,500,5000,4,1,1,2000,0.0,SA,RMP,RMP,None,None,None,None,None,0.0005,0.9999,1,5e-05,None,None,None,17739,None,None,None,None,None,None
368.903741134,0.9985,0.9823050237818555,36726,786597525,3307918349,2293668062,1767947982,2436209378,2350997062,1935101271,1703855363,500,5000,5,2,2,2000,0.0,SA,RMP,RMP,None,None,None,None,None,0.0005,0.9999,1,5e-05,None,None,None,36726,None,None,None,None,None,None
405.962164254,1.0,0.9823016898071563,36726,786597525,3307918349,2293668062,1767947982,2436209378,2350997062,1935101271,1703855363,500,5000,4,3,3,2000,0.0,SA,RMP,RMP,None,None,None,None,None,0.0005,0.9999,1,5e-05,None,None,None,36726,None,None,None,None,None,None
201.959973803,1.0,0.9958450145672365,17739,474699015,1666647438,3616306077,1716866317,1519956516,4164005288,2276376793,1690245948,500,5000,3,2,2,2000,0.0,SA,RMP,RMP,None,None,None,None,None,0.0005,0.9999,1,5e-05,None,None,None,17739,None,None,None,None,None,None
464.038183995,0.9785,0.9425485957420385,36726,786597525,3307918349,2293668062,1767947982,2436209378,2350997062,1935101271,1703855363,500,5000,3,3,3,2000,0.0,SA,RMP,RMP,None,None,None,None,None,0.0005,0.9999,1,5e-05,None,None,None,36726,None,None,None,None,None,None
390.859678206,0.995,0.9647845153881554,36726,786597525,3307918349,2293668062,1767947982,2436209378,2350997062,1935101271,1703855363,500,5000,6,2,2,2000,0.0,SA,RMP,RMP,None,None,None,None,None,0.0005,0.9999,1,5e-05,None,None,None,36726,None,None,None,None,None,None
183.34680796499998,1.0,0.9766914165366885,17739,474699015,1666647438,3616306077,1716866317,1519956516,4164005288,2276376793,1690245948,500,5000,5,2,2,2000,0.0,SA,RMP,RMP,None,None,None,None,None,0.0005,0.9999,1,5e-05,None,None,None,17739,None,None,None,None,None,None
222.019984889,1.0,0.9815071515383768,17739,474699015,1666647438,3616306077,1716866317,1519956516,4164005288,2276376793,1690245948,500,5000,5,1,1,2000,0.0,SA,RMP,RMP,None,None,None,None,None,0.0005,0.9999,1,5e-05,None,None,None,17739,None,None,None,None,None,None
483.72010212099997,0.9945,0.9707093317969163,36726,786597525,3307918349,2293668062,1767947982,2436209378,2350997062,1935101271,1703855363,500,5000,5,3,3,2000,0.0,SA,RMP,RMP,None,None,None,None,None,0.0005,0.9999,1,5e-05,None,None,None,36726,None,None,None,None,None,None
416.491314702,0.9835,0.9325478895712731,36726,786597525,3307918349,2293668062,1767947982,2436209378,2350997062,1935101271,1703855363,500,5000,7,2,2,2000,0.0,SA,RMP,RMP,None,None,None,None,None,0.0005,0.9999,1,5e-05,None,None,None,36726,None,None,None,None,None,None
1174.1818018709998,0.8735,0.5017817563513525,4683,4238664696,2871761316,2181178909,1861947684,1382455498,16242776,3097716372,501337898,500,5000,11,1,1,2000,0.0,SA,RMP,RMP,None,None,None,None,None,0.0005,0.9999,1,5e-05,None,None,None,4683,None,None,None,None,None,None
97.04794701499999,1.0,0.9984137439417335,35829,2134252795,1913972791,2886764718,3353980324,2582563075,1677135988,3082208690,62507602,500,5000,3,1,1,2000,0.0,SA,RMP,RMP,None,None,None,None,None,0.0005,0.9999,1,5e-05,None,None,None,35829,None,None,None,None,None,None
307.618286032,1.0,0.9829129974275883,17739,474699015,1666647438,3616306077,1716866317,1519956516,4164005288,2276376793,1690245948,500,5000,4,2,2,2000,0.0,SA,RMP,RMP,None,None,None,None,None,0.0005,0.9999,1,5e-05,None,None,None,17739,None,None,None,None,None,None
1173.436878464,0.8375,0.5059727160187673,28557,2423203341,3154602645,276928385,695666682,3130497157,2887180532,4114732612,1357937905,500,5000,11,1,1,2000,0.0,SA,RMP,RMP,None,None,None,None,None,0.0005,0.9999,1,5e-05,None,None,None,28557,None,None,None,None,None,None
505.374556679,0.998,0.967017899541236,36726,786597525,3307918349,2293668062,1767947982,2436209378,2350997062,1935101271,1703855363,500,5000,6,3,3,2000,0.0,SA,RMP,RMP,None,None,None,None,None,0.0005,0.9999,1,5e-05,None,None,None,36726,None,None,None,None,None,None
278.75792153500004,0.96,0.9150385150521159,17739,474699015,1666647438,3616306077,1716866317,1519956516,4164005288,2276376793,1690245948,500,5000,6,1,1,2000,0.0,SA,RMP,RMP,None,None,None,None,None,0.0005,0.9999,1,5e-05,None,None,None,17739,None,None,None,None,None,None
530.436753965,0.9765,0.8812840897022919,36726,786597525,3307918349,2293668062,1767947982,2436209378,2350997062,1935101271,1703855363,500,5000,7,3,3,2000,0.0,SA,RMP,RMP,None,None,None,None,None,0.0005,0.9999,1,5e-05,None,None,None,36726,None,None,None,None,None,None
159.606020713,1.0,0.9953082657403537,35829,2134252795,1913972791,2886764718,3353980324,2582563075,1677135988,3082208690,62507602,500,5000,3,3,3,2000,0.0,SA,RMP,RMP,None,None,None,None,None,0.0005,0.9999,1,5e-05,None,None,None,35829,None,None,None,None,None,None
1293.8508405110001,0.888,0.5269784456095131,4683,4238664696,2871761316,2181178909,1861947684,1382455498,16242776,3097716372,501337898,500,5000,11,2,2,2000,0.0,SA,RMP,RMP,None,None,None,None,None,0.0005,0.9999,1,5e-05,None,None,None,4683,None,None,None,None,None,None
1290.9248040940001,0.876,0.5444072939137381,28557,2423203341,3154602645,276928385,695666682,3130497157,2887180532,4114732612,1357937905,500,5000,11,2,2,2000,0.0,SA,RMP,RMP,None,None,None,None,None,0.0005,0.9999,1,5e-05,None,None,None,28557,None,None,None,None,None,None
458.80685387399996,0.9975,0.9763498374296569,17739,474699015,1666647438,3616306077,1716866317,1519956516,4164005288,2276376793,1690245948,500,5000,3,3,3,2000,0.0,SA,RMP,RMP,None,None,None,None,None,0.0005,0.9999,1,5e-05,None,None,None,17739,None,None,None,None,None,None
301.584801426,0.945,0.8741732634924041,17739,474699015,1666647438,3616306077,1716866317,1519956516,4164005288,2276376793,1690245948,500,5000,7,1,1,2000,0.0,SA,RMP,RMP,None,None,None,None,None,0.0005,0.9999,1,5e-05,None,None,None,17739,None,None,None,None,None,None
465.712406517,0.9505,0.8745764986500824,17739,474699015,1666647438,3616306077,1716866317,1519956516,4164005288,2276376793,1690245948,500,5000,4,3,3,2000,0.0,SA,RMP,RMP,None,None,None,None,None,0.0005,0.9999,1,5e-05,None,None,None,17739,None,None,None,None,None,None
377.439784788,0.96,0.8660002462156294,17739,474699015,1666647438,3616306077,1716866317,1519956516,4164005288,2276376793,1690245948,500,5000,6,2,2,2000,0.0,SA,RMP,RMP,None,None,None,None,None,0.0005,0.9999,1,5e-05,None,None,None,17739,None,None,None,None,None,None
264.870223577,0.998,0.993308365199799,35829,2134252795,1913972791,2886764718,3353980324,2582563075,1677135988,3082208690,62507602,500,5000,4,1,1,2000,0.0,SA,RMP,RMP,None,None,None,None,None,0.0005,0.9999,1,5e-05,None,None,None,35829,None,None,None,None,None,None
1416.974349349,0.874,0.5122918086552476,28557,2423203341,3154602645,276928385,695666682,3130497157,2887180532,4114732612,1357937905,500,5000,11,3,3,2000,0.0,SA,RMP,RMP,None,None,None,None,None,0.0005,0.9999,1,5e-05,None,None,None,28557,None,None,None,None,None,None
480.515690313,0.999,0.982005750867175,17739,474699015,1666647438,3616306077,1716866317,1519956516,4164005288,2276376793,1690245948,500,5000,5,3,3,2000,0.0,SA,RMP,RMP,None,None,None,None,None,0.0005,0.9999,1,5e-05,None,None,None,17739,None,None,None,None,None,None
411.23121900300004,0.997,0.9234551424523708,17739,474699015,1666647438,3616306077,1716866317,1519956516,4164005288,2276376793,1690245948,500,5000,7,2,2,2000,0.0,SA,RMP,RMP,None,None,None,None,None,0.0005,0.9999,1,5e-05,None,None,None,17739,None,None,None,None,None,None
274.002720589,0.997,0.9797247004840842,35829,2134252795,1913972791,2886764718,3353980324,2582563075,1677135988,3082208690,62507602,500,5000,5,1,1,2000,0.0,SA,RMP,RMP,None,None,None,None,None,0.0005,0.9999,1,5e-05,None,None,None,35829,None,None,None,None,None,None
101.76119778900001,1.0,0.9971640821606857,29744,2065213329,337493218,1165582490,1526518556,988106188,1094042762,2408770809,566200163,500,5000,3,1,1,2000,0.0,SA,RMP,RMP,None,None,None,None,None,0.0005,0.9999,1,5e-05,None,None,None,29744,None,None,None,None,None,None
364.67995550200004,0.996,0.9815384343643869,35829,2134252795,1913972791,2886764718,3353980324,2582563075,1677135988,3082208690,62507602,500,5000,3,2,2,2000,0.0,SA,RMP,RMP,None,None,None,None,None,0.0005,0.9999,1,5e-05,None,None,None,35829,None,None,None,None,None,None
493.099158493,0.948,0.884897831156509,17739,474699015,1666647438,3616306077,1716866317,1519956516,4164005288,2276376793,1690245948,500,5000,6,3,3,2000,0.0,SA,RMP,RMP,None,None,None,None,None,0.0005,0.9999,1,5e-05,None,None,None,17739,None,None,None,None,None,None
281.012617283,0.995,0.9750210682008641,35829,2134252795,1913972791,2886764718,3353980324,2582563075,1677135988,3082208690,62507602,500,5000,6,1,1,2000,0.0,SA,RMP,RMP,None,None,None,None,None,0.0005,0.9999,1,5e-05,None,None,None,35829,None,None,None,None,None,None
1414.0929888849998,0.8375,0.4699955086691263,4683,4238664696,2871761316,2181178909,1861947684,1382455498,16242776,3097716372,501337898,500,5000,11,3,3,2000,0.0,SA,RMP,RMP,None,None,None,None,None,0.0005,0.9999,1,5e-05,None,None,None,4683,None,None,None,None,None,None
369.653882578,0.999,0.9851430356929954,35829,2134252795,1913972791,2886764718,3353980324,2582563075,1677135988,3082208690,62507602,500,5000,4,2,2,2000,0.0,SA,RMP,RMP,None,None,None,None,None,0.0005,0.9999,1,5e-05,None,None,None,35829,None,None,None,None,None,None
369.37101354099997,0.999,0.9799719513709386,35829,2134252795,1913972791,2886764718,3353980324,2582563075,1677135988,3082208690,62507602,500,5000,5,2,2,2000,0.0,SA,RMP,RMP,None,None,None,None,None,0.0005,0.9999,1,5e-05,None,None,None,35829,None,None,None,None,None,None
1176.5918028639999,0.815,0.4136685274100327,18452,3888530761,499689418,696973526,1904881790,396384015,23721371,1351313606,953193179,500,5000,11,1,1,2000,0.0,SA,RMP,RMP,None,None,None,None,None,0.0005,0.9999,1,5e-05,None,None,None,18452,None,None,None,None,None,None
531.3693224089999,0.987,0.8957206200415104,17739,474699015,1666647438,3616306077,1716866317,1519956516,4164005288,2276376793,1690245948,500,5000,7,3,3,2000,0.0,SA,RMP,RMP,None,None,None,None,None,0.0005,0.9999,1,5e-05,None,None,None,17739,None,None,None,None,None,None
141.810236694,1.0,0.9861145116299967,29744,2065213329,337493218,1165582490,1526518556,988106188,1094042762,2408770809,566200163,500,5000,4,2,2,2000,0.0,SA,RMP,RMP,None,None,None,None,None,0.0005,0.9999,1,5e-05,None,None,None,29744,None,None,None,None,None,None
309.525835355,0.991,0.9566304639374491,35829,2134252795,1913972791,2886764718,3353980324,2582563075,1677135988,3082208690,62507602,500,5000,7,1,1,2000,0.0,SA,RMP,RMP,None,None,None,None,None,0.0005,0.9999,1,5e-05,None,None,None,35829,None,None,None,None,None,None
134.093640761,1.0,0.9835159238373249,29744,2065213329,337493218,1165582490,1526518556,988106188,1094042762,2408770809,566200163,500,5000,5,2,2,2000,0.0,SA,RMP,RMP,None,None,None,None,None,0.0005,0.9999,1,5e-05,None,None,None,29744,None,None,None,None,None,None
382.884097241,0.916,0.753935356272363,35829,2134252795,1913972791,2886764718,3353980324,2582563075,1677135988,3082208690,62507602,500,5000,6,2,2,2000,0.0,SA,RMP,RMP,None,None,None,None,None,0.0005,0.9999,1,5e-05,None,None,None,35829,None,None,None,None,None,None
469.050048919,0.996,0.9810494322337145,35829,2134252795,1913972791,2886764718,3353980324,2582563075,1677135988,3082208690,62507602,500,5000,4,3,3,2000,0.0,SA,RMP,RMP,None,None,None,None,None,0.0005,0.9999,1,5e-05,None,None,None,35829,None,None,None,None,None,None
478.10494238399997,0.976,0.9180206051416171,35829,2134252795,1913972791,2886764718,3353980324,2582563075,1677135988,3082208690,62507602,500,5000,5,3,3,2000,0.0,SA,RMP,RMP,None,None,None,None,None,0.0005,0.9999,1,5e-05,None,None,None,35829,None,None,None,None,None,None
1279.608292208,0.8325,0.4492564022271176,18452,3888530761,499689418,696973526,1904881790,396384015,23721371,1351313606,953193179,500,5000,11,2,2,2000,0.0,SA,RMP,RMP,None,None,None,None,None,0.0005,0.9999,1,5e-05,None,None,None,18452,None,None,None,None,None,None
259.726620558,0.9995,0.9780507179741581,29744,2065213329,337493218,1165582490,1526518556,988106188,1094042762,2408770809,566200163,500,5000,4,1,1,2000,0.0,SA,RMP,RMP,None,None,None,None,None,0.0005,0.9999,1,5e-05,None,None,None,29744,None,None,None,None,None,None
411.636251856,0.995,0.9471619000863403,35829,2134252795,1913972791,2886764718,3353980324,2582563075,1677135988,3082208690,62507602,500,5000,7,2,2,2000,0.0,SA,RMP,RMP,None,None,None,None,None,0.0005,0.9999,1,5e-05,None,None,None,35829,None,None,None,None,None,None
1173.295832545,0.788,0.3963781712307516,52305,1305449058,1673086023,359121565,80211648,1157383153,182086612,3056073149,499802036,500,5000,11,1,1,2000,0.0,SA,RMP,RMP,None,None,None,None,None,0.0005,0.9999,1,5e-05,None,None,None,52305,None,None,None,None,None,None
96.321632205,1.0,0.987884866982705,53226,1875300841,4097717551,475127754,1774036707,2608594036,1282637250,3853139136,1913496372,500,5000,3,1,1,2000,0.0,SA,RMP,RMP,None,None,None,None,None,0.0005,0.9999,1,5e-05,None,None,None,53226,None,None,None,None,None,None
267.646278187,0.9785,0.9438452666899121,29744,2065213329,337493218,1165582490,1526518556,988106188,1094042762,2408770809,566200163,500,5000,5,1,1,2000,0.0,SA,RMP,RMP,None,None,None,None,None,0.0005,0.9999,1,5e-05,None,None,None,29744,None,None,None,None,None,None
277.962736622,0.975,0.9605823978168516,29744,2065213329,337493218,1165582490,1526518556,988106188,1094042762,2408770809,566200163,500,5000,6,1,1,2000,0.0,SA,RMP,RMP,None,None,None,None,None,0.0005,0.9999,1,5e-05,None,None,None,29744,None,None,None,None,None,None
502.876390759,0.989,0.9280748026403992,35829,2134252795,1913972791,2886764718,3353980324,2582563075,1677135988,3082208690,62507602,500,5000,6,3,3,2000,0.0,SA,RMP,RMP,None,None,None,None,None,0.0005,0.9999,1,5e-05,None,None,None,35829,None,None,None,None,None,None
354.763816316,0.9985,0.9964705302112532,29744,2065213329,337493218,1165582490,1526518556,988106188,1094042762,2408770809,566200163,500,5000,3,2,2,2000,0.0,SA,RMP,RMP,None,None,None,None,None,0.0005,0.9999,1,5e-05,None,None,None,29744,None,None,None,None,None,None
1415.5094612280002,0.8595,0.5419591016505029,18452,3888530761,499689418,696973526,1904881790,396384015,23721371,1351313606,953193179,500,5000,11,3,3,2000,0.0,SA,RMP,RMP,None,None,None,None,None,0.0005,0.9999,1,5e-05,None,None,None,18452,None,None,None,None,None,None
524.332927518,0.988,0.9121895125679732,35829,2134252795,1913972791,2886764718,3353980324,2582563075,1677135988,3082208690,62507602,500,5000,7,3,3,2000,0.0,SA,RMP,RMP,None,None,None,None,None,0.0005,0.9999,1,5e-05,None,None,None,35829,None,None,None,None,None,None
1282.368469181,0.7955,0.39340666230824745,52305,1305449058,1673086023,359121565,80211648,1157383153,182086612,3056073149,499802036,500,5000,11,2,2,2000,0.0,SA,RMP,RMP,None,None,None,None,None,0.0005,0.9999,1,5e-05,None,None,None,52305,None,None,None,None,None,None
296.014274847,0.987,0.9515077542605831,29744,2065213329,337493218,1165582490,1526518556,988106188,1094042762,2408770809,566200163,500,5000,7,1,1,2000,0.0,SA,RMP,RMP,None,None,None,None,None,0.0005,0.9999,1,5e-05,None,None,None,29744,None,None,None,None,None,None
408.866371558,1.0,0.9950735089044205,29744,2065213329,337493218,1165582490,1526518556,988106188,1094042762,2408770809,566200163,500,5000,4,3,3,2000,0.0,SA,RMP,RMP,None,None,None,None,None,0.0005,0.9999,1,5e-05,None,None,None,29744,None,None,None,None,None,None
223.64778419700002,1.0,0.9979864567506668,53226,1875300841,4097717551,475127754,1774036707,2608594036,1282637250,3853139136,1913496372,500,5000,3,2,2,2000,0.0,SA,RMP,RMP,None,None,None,None,None,0.0005,0.9999,1,5e-05,None,None,None,53226,None,None,None,None,None,None
458.394877275,0.9925,0.9670420733511849,29744,2065213329,337493218,1165582490,1526518556,988106188,1094042762,2408770809,566200163,500,5000,3,3,3,2000,0.0,SA,RMP,RMP,None,None,None,None,None,0.0005,0.9999,1,5e-05,None,None,None,29744,None,None,None,None,None,None
373.91043848600003,0.997,0.9639785683337057,29744,2065213329,337493218,1165582490,1526518556,988106188,1094042762,2408770809,566200163,500,5000,6,2,2,2000,0.0,SA,RMP,RMP,None,None,None,None,None,0.0005,0.9999,1,5e-05,None,None,None,29744,None,None,None,None,None,None
266.63288496900003,0.998,0.9946350243859975,53226,1875300841,4097717551,475127754,1774036707,2608594036,1282637250,3853139136,1913496372,500,5000,4,1,1,2000,0.0,SA,RMP,RMP,None,None,None,None,None,0.0005,0.9999,1,5e-05,None,None,None,53226,None,None,None,None,None,None
482.16416982000004,0.9955,0.9479471729520137,29744,2065213329,337493218,1165582490,1526518556,988106188,1094042762,2408770809,566200163,500,5000,5,3,3,2000,0.0,SA,RMP,RMP,None,None,None,None,None,0.0005,0.9999,1,5e-05,None,None,None,29744,None,None,None,None,None,None
409.811085972,0.995,0.9190262612437491,29744,2065213329,337493218,1165582490,1526518556,988106188,1094042762,2408770809,566200163,500,5000,7,2,2,2000,0.0,SA,RMP,RMP,None,None,None,None,None,0.0005,0.9999,1,5e-05,None,None,None,29744,None,None,None,None,None,None
1405.284537972,0.834,0.47077853893655836,52305,1305449058,1673086023,359121565,80211648,1157383153,182086612,3056073149,499802036,500,5000,11,3,3,2000,0.0,SA,RMP,RMP,None,None,None,None,None,0.0005,0.9999,1,5e-05,None,None,None,52305,None,None,None,None,None,None
267.05788602,0.9985,0.9738611943215449,53226,1875300841,4097717551,475127754,1774036707,2608594036,1282637250,3853139136,1913496372,500,5000,5,1,1,2000,0.0,SA,RMP,RMP,None,None,None,None,None,0.0005,0.9999,1,5e-05,None,None,None,53226,None,None,None,None,None,None
1166.656383992,0.8685,0.5473513691686432,36726,786597525,3307918349,2293668062,1767947982,2436209378,2350997062,1935101271,1703855363,500,5000,11,1,1,2000,0.0,SA,RMP,RMP,None,None,None,None,None,0.0005,0.9999,1,5e-05,None,None,None,36726,None,None,None,None,None,None
491.451814113,0.9985,0.9628901008625312,29744,2065213329,337493218,1165582490,1526518556,988106188,1094042762,2408770809,566200163,500,5000,6,3,3,2000,0.0,SA,RMP,RMP,None,None,None,None,None,0.0005,0.9999,1,5e-05,None,None,None,29744,None,None,None,None,None,None
155.75820166399998,1.0,0.985908643403884,18668,2501688745,1303148366,3244680539,2010553042,4286057325,3671550277,3095964344,2796426257,500,5000,3,1,1,2000,0.0,SA,RMP,RMP,None,None,None,None,None,0.0005,0.9999,1,5e-05,None,None,None,18668,None,None,None,None,None,None
279.53760414199996,0.995,0.9767464084108254,53226,1875300841,4097717551,475127754,1774036707,2608594036,1282637250,3853139136,1913496372,500,5000,6,1,1,2000,0.0,SA,RMP,RMP,None,None,None,None,None,0.0005,0.9999,1,5e-05,None,None,None,53226,None,None,None,None,None,None
368.925560595,0.983,0.972870535783136,53226,1875300841,4097717551,475127754,1774036707,2608594036,1282637250,3853139136,1913496372,500,5000,4,2,2,2000,0.0,SA,RMP,RMP,None,None,None,None,None,0.0005,0.9999,1,5e-05,None,None,None,53226,None,None,None,None,None,None
514.751161862,0.973,0.9051331276632818,29744,2065213329,337493218,1165582490,1526518556,988106188,1094042762,2408770809,566200163,500,5000,7,3,3,2000,0.0,SA,RMP,RMP,None,None,None,None,None,0.0005,0.9999,1,5e-05,None,None,None,29744,None,None,None,None,None,None
367.678294021,0.998,0.9786028804763749,53226,1875300841,4097717551,475127754,1774036707,2608594036,1282637250,3853139136,1913496372,500,5000,5,2,2,2000,0.0,SA,RMP,RMP,None,None,None,None,None,0.0005,0.9999,1,5e-05,None,None,None,53226,None,None,None,None,None,None
305.004704918,0.988,0.9511901276310568,53226,1875300841,4097717551,475127754,1774036707,2608594036,1282637250,3853139136,1913496372,500,5000,7,1,1,2000,0.0,SA,RMP,RMP,None,None,None,None,None,0.0005,0.9999,1,5e-05,None,None,None,53226,None,None,None,None,None,None
1278.544423347,0.8975,0.566338756409977,36726,786597525,3307918349,2293668062,1767947982,2436209378,2350997062,1935101271,1703855363,500,5000,11,2,2,2000,0.0,SA,RMP,RMP,None,None,None,None,None,0.0005,0.9999,1,5e-05,None,None,None,36726,None,None,None,None,None,None
471.245301289,0.9685,0.9151086015341185,53226,1875300841,4097717551,475127754,1774036707,2608594036,1282637250,3853139136,1913496372,500,5000,3,3,3,2000,0.0,SA,RMP,RMP,None,None,None,None,None,0.0005,0.9999,1,5e-05,None,None,None,53226,None,None,None,None,None,None
385.815603468,0.9635,0.9047356278257783,53226,1875300841,4097717551,475127754,1774036707,2608594036,1282637250,3853139136,1913496372,500,5000,6,2,2,2000,0.0,SA,RMP,RMP,None,None,None,None,None,0.0005,0.9999,1,5e-05,None,None,None,53226,None,None,None,None,None,None
203.37529749400002,1.0,0.9954057918446788,18668,2501688745,1303148366,3244680539,2010553042,4286057325,3671550277,3095964344,2796426257,500,5000,4,1,1,2000,0.0,SA,RMP,RMP,None,None,None,None,None,0.0005,0.9999,1,5e-05,None,None,None,18668,None,None,None,None,None,None
470.879708606,0.993,0.9666325511000217,53226,1875300841,4097717551,475127754,1774036707,2608594036,1282637250,3853139136,1913496372,500,5000,4,3,3,2000,0.0,SA,RMP,RMP,None,None,None,None,None,0.0005,0.9999,1,5e-05,None,None,None,53226,None,None,None,None,None,None
483.182641858,0.9965,0.9665511251783082,53226,1875300841,4097717551,475127754,1774036707,2608594036,1282637250,3853139136,1913496372,500,5000,5,3,3,2000,0.0,SA,RMP,RMP,None,None,None,None,None,0.0005,0.9999,1,5e-05,None,None,None,53226,None,None,None,None,None,None
411.669055216,0.9935,0.9254047819655566,53226,1875300841,4097717551,475127754,1774036707,2608594036,1282637250,3853139136,1913496372,500,5000,7,2,2,2000,0.0,SA,RMP,RMP,None,None,None,None,None,0.0005,0.9999,1,5e-05,None,None,None,53226,None,None,None,None,None,None
357.83740695700004,0.967,0.9310172297566246,18668,2501688745,1303148366,3244680539,2010553042,4286057325,3671550277,3095964344,2796426257,500,5000,3,2,2,2000,0.0,SA,RMP,RMP,None,None,None,None,None,0.0005,0.9999,1,5e-05,None,None,None,18668,None,None,None,None,None,None
78.038350381,1.0,0.9934155292159458,14108,682237340,377108979,2152061568,3553282116,2155026229,3788124195,2857390630,3778630534,500,5000,3,1,1,2000,0.0,SA,RMP,RMP,None,None,None,None,None,0.0005,0.9999,1,5e-05,None,None,None,14108,None,None,None,None,None,None
280.21479027099997,1.0,0.9916244862873149,18668,2501688745,1303148366,3244680539,2010553042,4286057325,3671550277,3095964344,2796426257,500,5000,4,2,2,2000,0.0,SA,RMP,RMP,None,None,None,None,None,0.0005,0.9999,1,5e-05,None,None,None,18668,None,None,None,None,None,None
263.278760389,0.9975,0.9659647333123633,18668,2501688745,1303148366,3244680539,2010553042,4286057325,3671550277,3095964344,2796426257,500,5000,5,1,1,2000,0.0,SA,RMP,RMP,None,None,None,None,None,0.0005,0.9999,1,5e-05,None,None,None,18668,None,None,None,None,None,None
499.10597608800003,0.9965,0.9598707269496556,53226,1875300841,4097717551,475127754,1774036707,2608594036,1282637250,3853139136,1913496372,500,5000,6,3,3,2000,0.0,SA,RMP,RMP,None,None,None,None,None,0.0005,0.9999,1,5e-05,None,None,None,53226,None,None,None,None,None,None
1159.138406103,0.8155,0.4694824311095591,17739,474699015,1666647438,3616306077,1716866317,1519956516,4164005288,2276376793,1690245948,500,5000,11,1,1,2000,0.0,SA,RMP,RMP,None,None,None,None,None,0.0005,0.9999,1,5e-05,None,None,None,17739,None,None,None,None,None,None
1414.247877907,0.8405,0.45135179447984425,36726,786597525,3307918349,2293668062,1767947982,2436209378,2350997062,1935101271,1703855363,500,5000,11,3,3,2000,0.0,SA,RMP,RMP,None,None,None,None,None,0.0005,0.9999,1,5e-05,None,None,None,36726,None,None,None,None,None,None
278.360320134,0.993,0.9594449396538157,18668,2501688745,1303148366,3244680539,2010553042,4286057325,3671550277,3095964344,2796426257,500,5000,6,1,1,2000,0.0,SA,RMP,RMP,None,None,None,None,None,0.0005,0.9999,1,5e-05,None,None,None,18668,None,None,None,None,None,None
523.7061267,0.9845,0.9105147714264419,53226,1875300841,4097717551,475127754,1774036707,2608594036,1282637250,3853139136,1913496372,500,5000,7,3,3,2000,0.0,SA,RMP,RMP,None,None,None,None,None,0.0005,0.9999,1,5e-05,None,None,None,53226,None,None,None,None,None,None
368.891953248,0.9985,0.9783092469687575,18668,2501688745,1303148366,3244680539,2010553042,4286057325,3671550277,3095964344,2796426257,500,5000,5,2,2,2000,0.0,SA,RMP,RMP,None,None,None,None,None,0.0005,0.9999,1,5e-05,None,None,None,18668,None,None,None,None,None,None
302.730804444,0.9955,0.9375775608205728,18668,2501688745,1303148366,3244680539,2010553042,4286057325,3671550277,3095964344,2796426257,500,5000,7,1,1,2000,0.0,SA,RMP,RMP,None,None,None,None,None,0.0005,0.9999,1,5e-05,None,None,None,18668,None,None,None,None,None,None
150.300854512,1.0,0.9943317445936284,14108,682237340,377108979,2152061568,3553282116,2155026229,3788124195,2857390630,3778630534,500,5000,4,1,1,2000,0.0,SA,RMP,RMP,None,None,None,None,None,0.0005,0.9999,1,5e-05,None,None,None,14108,None,None,None,None,None,None
458.587817667,0.9355,0.8617631002125736,18668,2501688745,1303148366,3244680539,2010553042,4286057325,3671550277,3095964344,2796426257,500,5000,3,3,3,2000,0.0,SA,RMP,RMP,None,None,None,None,None,0.0005,0.9999,1,5e-05,None,None,None,18668,None,None,None,None,None,None
1289.613760967,0.87,0.5206008764013756,17739,474699015,1666647438,3616306077,1716866317,1519956516,4164005288,2276376793,1690245948,500,5000,11,2,2,2000,0.0,SA,RMP,RMP,None,None,None,None,None,0.0005,0.9999,1,5e-05,None,None,None,17739,None,None,None,None,None,None
380.495615656,0.996,0.9512045796676587,18668,2501688745,1303148366,3244680539,2010553042,4286057325,3671550277,3095964344,2796426257,500,5000,6,2,2,2000,0.0,SA,RMP,RMP,None,None,None,None,None,0.0005,0.9999,1,5e-05,None,None,None,18668,None,None,None,None,None,None
462.052979915,0.9995,0.99285454053096,18668,2501688745,1303148366,3244680539,2010553042,4286057325,3671550277,3095964344,2796426257,500,5000,4,3,3,2000,0.0,SA,RMP,RMP,None,None,None,None,None,0.0005,0.9999,1,5e-05,None,None,None,18668,None,None,None,None,None,None
201.501365693,1.0,0.9838056689998458,14108,682237340,377108979,2152061568,3553282116,2155026229,3788124195,2857390630,3778630534,500,5000,4,2,2,2000,0.0,SA,RMP,RMP,None,None,None,None,None,0.0005,0.9999,1,5e-05,None,None,None,14108,None,None,None,None,None,None
187.429358239,1.0,0.9905575933973456,14108,682237340,377108979,2152061568,3553282116,2155026229,3788124195,2857390630,3778630534,500,5000,5,1,1,2000,0.0,SA,RMP,RMP,None,None,None,None,None,0.0005,0.9999,1,5e-05,None,None,None,14108,None,None,None,None,None,None
246.95414215600002,1.0,0.9930281687587192,14108,682237340,377108979,2152061568,3553282116,2155026229,3788124195,2857390630,3778630534,500,5000,3,3,3,2000,0.0,SA,RMP,RMP,None,None,None,None,None,0.0005,0.9999,1,5e-05,None,None,None,14108,None,None,None,None,None,None
477.886166361,0.972,0.8868754476220841,18668,2501688745,1303148366,3244680539,2010553042,4286057325,3671550277,3095964344,2796426257,500,5000,5,3,3,2000,0.0,SA,RMP,RMP,None,None,None,None,None,0.0005,0.9999,1,5e-05,None,None,None,18668,None,None,None,None,None,None
405.060373743,0.9695,0.8468289870828187,18668,2501688745,1303148366,3244680539,2010553042,4286057325,3671550277,3095964344,2796426257,500,5000,7,2,2,2000,0.0,SA,RMP,RMP,None,None,None,None,None,0.0005,0.9999,1,5e-05,None,None,None,18668,None,None,None,None,None,None
357.810440589,0.9845,0.9703751149974477,14108,682237340,377108979,2152061568,3553282116,2155026229,3788124195,2857390630,3778630534,500,5000,3,2,2,2000,0.0,SA,RMP,RMP,None,None,None,None,None,0.0005,0.9999,1,5e-05,None,None,None,14108,None,None,None,None,None,None
497.72015467399996,0.9905,0.9518049864774469,18668,2501688745,1303148366,3244680539,2010553042,4286057325,3671550277,3095964344,2796426257,500,5000,6,3,3,2000,0.0,SA,RMP,RMP,None,None,None,None,None,0.0005,0.9999,1,5e-05,None,None,None,18668,None,None,None,None,None,None
1169.192992698,0.8065,0.41056116577735036,35829,2134252795,1913972791,2886764718,3353980324,2582563075,1677135988,3082208690,62507602,500,5000,11,1,1,2000,0.0,SA,RMP,RMP,None,None,None,None,None,0.0005,0.9999,1,5e-05,None,None,None,35829,None,None,None,None,None,None
281.703201929,0.956,0.9081062198266019,14108,682237340,377108979,2152061568,3553282116,2155026229,3788124195,2857390630,3778630534,500,5000,6,1,1,2000,0.0,SA,RMP,RMP,None,None,None,None,None,0.0005,0.9999,1,5e-05,None,None,None,14108,None,None,None,None,None,None
1423.373881912,0.8705,0.5255773219324528,17739,474699015,1666647438,3616306077,1716866317,1519956516,4164005288,2276376793,1690245948,500,5000,11,3,3,2000,0.0,SA,RMP,RMP,None,None,None,None,None,0.0005,0.9999,1,5e-05,None,None,None,17739,None,None,None,None,None,None
188.147763989,1.0,0.9949655867328101,52086,2867563563,136676240,2014181006,3728114457,16230855,3574785223,4199397321,1633532376,500,5000,3,1,1,2000,0.0,SA,RMP,RMP,None,None,None,None,None,0.0005,0.9999,1,5e-05,None,None,None,52086,None,None,None,None,None,None
376.31865308600004,0.998,0.9798293424160279,14108,682237340,377108979,2152061568,3553282116,2155026229,3788124195,2857390630,3778630534,500,5000,5,2,2,2000,0.0,SA,RMP,RMP,None,None,None,None,None,0.0005,0.9999,1,5e-05,None,None,None,14108,None,None,None,None,None,None
528.239182239,0.893,0.634815478877013,18668,2501688745,1303148366,3244680539,2010553042,4286057325,3671550277,3095964344,2796426257,500,5000,7,3,3,2000,0.0,SA,RMP,RMP,None,None,None,None,None,0.0005,0.9999,1,5e-05,None,None,None,18668,None,None,None,None,None,None
306.30797854,0.96,0.8830601852936318,14108,682237340,377108979,2152061568,3553282116,2155026229,3788124195,2857390630,3778630534,500,5000,7,1,1,2000,0.0,SA,RMP,RMP,None,None,None,None,None,0.0005,0.9999,1,5e-05,None,None,None,14108,None,None,None,None,None,None
1289.9627249389998,0.817,0.4178720447921236,35829,2134252795,1913972791,2886764718,3353980324,2582563075,1677135988,3082208690,62507602,500,5000,11,2,2,2000,0.0,SA,RMP,RMP,None,None,None,None,None,0.0005,0.9999,1,5e-05,None,None,None,35829,None,None,None,None,None,None
384.309060643,0.969,0.8824932983113318,14108,682237340,377108979,2152061568,3553282116,2155026229,3788124195,2857390630,3778630534,500,5000,6,2,2,2000,0.0,SA,RMP,RMP,None,None,None,None,None,0.0005,0.9999,1,5e-05,None,None,None,14108,None,None,None,None,None,None
260.578904821,0.9995,0.9847683472768982,52086,2867563563,136676240,2014181006,3728114457,16230855,3574785223,4199397321,1633532376,500,5000,4,1,1,2000,0.0,SA,RMP,RMP,None,None,None,None,None,0.0005,0.9999,1,5e-05,None,None,None,52086,None,None,None,None,None,None
272.51469781500003,1.0,0.9910492518084897,52086,2867563563,136676240,2014181006,3728114457,16230855,3574785223,4199397321,1633532376,500,5000,3,3,3,2000,0.0,SA,RMP,RMP,None,None,None,None,None,0.0005,0.9999,1,5e-05,None,None,None,52086,None,None,None,None,None,None
474.155611992,0.9975,0.9740537558822311,14108,682237340,377108979,2152061568,3553282116,2155026229,3788124195,2857390630,3778630534,500,5000,4,3,3,2000,0.0,SA,RMP,RMP,None,None,None,None,None,0.0005,0.9999,1,5e-05,None,None,None,14108,None,None,None,None,None,None
478.10483687699997,0.998,0.9754453129356389,14108,682237340,377108979,2152061568,3553282116,2155026229,3788124195,2857390630,3778630534,500,5000,5,3,3,2000,0.0,SA,RMP,RMP,None,None,None,None,None,0.0005,0.9999,1,5e-05,None,None,None,14108,None,None,None,None,None,None
246.53574547500003,1.0,0.9883912359836183,52086,2867563563,136676240,2014181006,3728114457,16230855,3574785223,4199397321,1633532376,500,5000,5,1,1,2000,0.0,SA,RMP,RMP,None,None,None,None,None,0.0005,0.9999,1,5e-05,None,None,None,52086,None,None,None,None,None,None
289.27987234399995,1.0,0.9923735824930803,52086,2867563563,136676240,2014181006,3728114457,16230855,3574785223,4199397321,1633532376,500,5000,4,2,2,2000,0.0,SA,RMP,RMP,None,None,None,None,None,0.0005,0.9999,1,5e-05,None,None,None,52086,None,None,None,None,None,None
332.214225269,1.0,0.9957591929120649,52086,2867563563,136676240,2014181006,3728114457,16230855,3574785223,4199397321,1633532376,500,5000,3,2,2,2000,0.0,SA,RMP,RMP,None,None,None,None,None,0.0005,0.9999,1,5e-05,None,None,None,52086,None,None,None,None,None,None
409.18478476499996,0.935,0.7985754868253417,14108,682237340,377108979,2152061568,3553282116,2155026229,3788124195,2857390630,3778630534,500,5000,7,2,2,2000,0.0,SA,RMP,RMP,None,None,None,None,None,0.0005,0.9999,1,5e-05,None,None,None,14108,None,None,None,None,None,None
488.50306548900005,0.9935,0.9477630354008098,14108,682237340,377108979,2152061568,3553282116,2155026229,3788124195,2857390630,3778630534,500,5000,6,3,3,2000,0.0,SA,RMP,RMP,None,None,None,None,None,0.0005,0.9999,1,5e-05,None,None,None,14108,None,None,None,None,None,None
1414.2069894689998,0.901,0.5813835826378487,35829,2134252795,1913972791,2886764718,3353980324,2582563075,1677135988,3082208690,62507602,500,5000,11,3,3,2000,0.0,SA,RMP,RMP,None,None,None,None,None,0.0005,0.9999,1,5e-05,None,None,None,35829,None,None,None,None,None,None
1170.157743737,0.8305,0.46154450152502335,29744,2065213329,337493218,1165582490,1526518556,988106188,1094042762,2408770809,566200163,500,5000,11,1,1,2000,0.0,SA,RMP,RMP,None,None,None,None,None,0.0005,0.9999,1,5e-05,None,None,None,29744,None,None,None,None,None,None
286.10433167599996,0.9995,0.9735891443896885,52086,2867563563,136676240,2014181006,3728114457,16230855,3574785223,4199397321,1633532376,500,5000,6,1,1,2000,0.0,SA,RMP,RMP,None,None,None,None,None,0.0005,0.9999,1,5e-05,None,None,None,52086,None,None,None,None,None,None
170.765275634,1.0,0.9956480702931753,37978,2330016662,377316769,58190553,143094587,2098990027,2961051826,3366491253,2565615884,500,5000,3,1,1,2000,0.0,SA,RMP,RMP,None,None,None,None,None,0.0005,0.9999,1,5e-05,None,None,None,37978,None,None,None,None,None,None
530.813516328,0.997,0.9262335806977865,14108,682237340,377108979,2152061568,3553282116,2155026229,3788124195,2857390630,3778630534,500,5000,7,3,3,2000,0.0,SA,RMP,RMP,None,None,None,None,None,0.0005,0.9999,1,5e-05,None,None,None,14108,None,None,None,None,None,None
375.869094418,0.998,0.979452497213576,52086,2867563563,136676240,2014181006,3728114457,16230855,3574785223,4199397321,1633532376,500,5000,5,2,2,2000,0.0,SA,RMP,RMP,None,None,None,None,None,0.0005,0.9999,1,5e-05,None,None,None,52086,None,None,None,None,None,None
305.552430116,0.975,0.9274943910655448,52086,2867563563,136676240,2014181006,3728114457,16230855,3574785223,4199397321,1633532376,500,5000,7,1,1,2000,0.0,SA,RMP,RMP,None,None,None,None,None,0.0005,0.9999,1,5e-05,None,None,None,52086,None,None,None,None,None,None
213.011063592,1.0,0.9935192833885591,37978,2330016662,377316769,58190553,143094587,2098990027,2961051826,3366491253,2565615884,500,5000,3,2,2,2000,0.0,SA,RMP,RMP,None,None,None,None,None,0.0005,0.9999,1,5e-05,None,None,None,37978,None,None,None,None,None,None
187.758441322,1.0,0.9884291769662185,37978,2330016662,377316769,58190553,143094587,2098990027,2961051826,3366491253,2565615884,500,5000,4,1,1,2000,0.0,SA,RMP,RMP,None,None,None,None,None,0.0005,0.9999,1,5e-05,None,None,None,37978,None,None,None,None,None,None
388.88244813,0.9895,0.946222759620742,52086,2867563563,136676240,2014181006,3728114457,16230855,3574785223,4199397321,1633532376,500,5000,6,2,2,2000,0.0,SA,RMP,RMP,None,None,None,None,None,0.0005,0.9999,1,5e-05,None,None,None,52086,None,None,None,None,None,None
178.881780403,1.0,0.9838578275877424,37978,2330016662,377316769,58190553,143094587,2098990027,2961051826,3366491253,2565615884,500,5000,5,1,1,2000,0.0,SA,RMP,RMP,None,None,None,None,None,0.0005,0.9999,1,5e-05,None,None,None,37978,None,None,None,None,None,None
1281.3706297699998,0.8745,0.5949656168432134,29744,2065213329,337493218,1165582490,1526518556,988106188,1094042762,2408770809,566200163,500,5000,11,2,2,2000,0.0,SA,RMP,RMP,None,None,None,None,None,0.0005,0.9999,1,5e-05,None,None,None,29744,None,None,None,None,None,None
481.66400963899997,0.9885,0.9551838393241774,52086,2867563563,136676240,2014181006,3728114457,16230855,3574785223,4199397321,1633532376,500,5000,4,3,3,2000,0.0,SA,RMP,RMP,None,None,None,None,None,0.0005,0.9999,1,5e-05,None,None,None,52086,None,None,None,None,None,None
479.24493327,0.999,0.982815476011848,52086,2867563563,136676240,2014181006,3728114457,16230855,3574785223,4199397321,1633532376,500,5000,5,3,3,2000,0.0,SA,RMP,RMP,None,None,None,None,None,0.0005,0.9999,1,5e-05,None,None,None,52086,None,None,None,None,None,None
417.387329582,0.99,0.9272074462125149,52086,2867563563,136676240,2014181006,3728114457,16230855,3574785223,4199397321,1633532376,500,5000,7,2,2,2000,0.0,SA,RMP,RMP,None,None,None,None,None,0.0005,0.9999,1,5e-05,None,None,None,52086,None,None,None,None,None,None
492.38760018,0.966,0.8417938907956686,52086,2867563563,136676240,2014181006,3728114457,16230855,3574785223,4199397321,1633532376,500,5000,6,3,3,2000,0.0,SA,RMP,RMP,None,None,None,None,None,0.0005,0.9999,1,5e-05,None,None,None,52086,None,None,None,None,None,None
1413.104100178,0.799,0.37232263995392484,29744,2065213329,337493218,1165582490,1526518556,988106188,1094042762,2408770809,566200163,500,5000,11,3,3,2000,0.0,SA,RMP,RMP,None,None,None,None,None,0.0005,0.9999,1,5e-05,None,None,None,29744,None,None,None,None,None,None
1173.9707344180001,0.8265,0.4477979576673204,53226,1875300841,4097717551,475127754,1774036707,2608594036,1282637250,3853139136,1913496372,500,5000,11,1,1,2000,0.0,SA,RMP,RMP,None,None,None,None,None,0.0005,0.9999,1,5e-05,None,None,None,53226,None,None,None,None,None,None
155.40884856899999,1.0,0.9886195866977602,28460,1003052218,242256567,1188637628,3597200488,3079647324,1991348854,3940164265,1842078136,500,5000,3,1,1,2000,0.0,SA,RMP,RMP,None,None,None,None,None,0.0005,0.9999,1,5e-05,None,None,None,28460,None,None,None,None,None,None
278.66000621,0.999,0.9753628290607291,37978,2330016662,377316769,58190553,143094587,2098990027,2961051826,3366491253,2565615884,500,5000,6,1,1,2000,0.0,SA,RMP,RMP,None,None,None,None,None,0.0005,0.9999,1,5e-05,None,None,None,37978,None,None,None,None,None,None
368.420921769,0.999,0.9854936522761379,37978,2330016662,377316769,58190553,143094587,2098990027,2961051826,3366491253,2565615884,500,5000,4,2,2,2000,0.0,SA,RMP,RMP,None,None,None,None,None,0.0005,0.9999,1,5e-05,None,None,None,37978,None,None,None,None,None,None
411.730821702,1.0,0.9838776898041725,37978,2330016662,377316769,58190553,143094587,2098990027,2961051826,3366491253,2565615884,500,5000,3,3,3,2000,0.0,SA,RMP,RMP,None,None,None,None,None,0.0005,0.9999,1,5e-05,None,None,None,37978,None,None,None,None,None,None
372.282886186,0.97,0.9051605544572067,37978,2330016662,377316769,58190553,143094587,2098990027,2961051826,3366491253,2565615884,500,5000,5,2,2,2000,0.0,SA,RMP,RMP,None,None,None,None,None,0.0005,0.9999,1,5e-05,None,None,None,37978,None,None,None,None,None,None
518.492565684,0.9785,0.9084464122715641,52086,2867563563,136676240,2014181006,3728114457,16230855,3574785223,4199397321,1633532376,500,5000,7,3,3,2000,0.0,SA,RMP,RMP,None,None,None,None,None,0.0005,0.9999,1,5e-05,None,None,None,52086,None,None,None,None,None,None
307.159182155,0.935,0.8653661491345491,37978,2330016662,377316769,58190553,143094587,2098990027,2961051826,3366491253,2565615884,500,5000,7,1,1,2000,0.0,SA,RMP,RMP,None,None,None,None,None,0.0005,0.9999,1,5e-05,None,None,None,37978,None,None,None,None,None,None
468.222130173,0.978,0.9447084661377213,37978,2330016662,377316769,58190553,143094587,2098990027,2961051826,3366491253,2565615884,500,5000,4,3,3,2000,0.0,SA,RMP,RMP,None,None,None,None,None,0.0005,0.9999,1,5e-05,None,None,None,37978,None,None,None,None,None,None
1291.214829576,0.8495,0.4744558617932585,53226,1875300841,4097717551,475127754,1774036707,2608594036,1282637250,3853139136,1913496372,500,5000,11,2,2,2000,0.0,SA,RMP,RMP,None,None,None,None,None,0.0005,0.9999,1,5e-05,None,None,None,53226,None,None,None,None,None,None
391.256506952,0.983,0.9253664053738698,37978,2330016662,377316769,58190553,143094587,2098990027,2961051826,3366491253,2565615884,500,5000,6,2,2,2000,0.0,SA,RMP,RMP,None,None,None,None,None,0.0005,0.9999,1,5e-05,None,None,None,37978,None,None,None,None,None,None
268.175313335,0.9975,0.9831689258875156,28460,1003052218,242256567,1188637628,3597200488,3079647324,1991348854,3940164265,1842078136,500,5000,4,1,1,2000,0.0,SA,RMP,RMP,None,None,None,None,None,0.0005,0.9999,1,5e-05,None,None,None,28460,None,None,None,None,None,None
477.128794746,0.9975,0.9769469135733716,37978,2330016662,377316769,58190553,143094587,2098990027,2961051826,3366491253,2565615884,500,5000,5,3,3,2000,0.0,SA,RMP,RMP,None,None,None,None,None,0.0005,0.9999,1,5e-05,None,None,None,37978,None,None,None,None,None,None
355.702332448,0.986,0.9626919717575781,28460,1003052218,242256567,1188637628,3597200488,3079647324,1991348854,3940164265,1842078136,500,5000,3,2,2,2000,0.0,SA,RMP,RMP,None,None,None,None,None,0.0005,0.9999,1,5e-05,None,None,None,28460,None,None,None,None,None,None
403.340406163,0.992,0.9305418414329026,37978,2330016662,377316769,58190553,143094587,2098990027,2961051826,3366491253,2565615884,500,5000,7,2,2,2000,0.0,SA,RMP,RMP,None,None,None,None,None,0.0005,0.9999,1,5e-05,None,None,None,37978,None,None,None,None,None,None
265.192926393,0.998,0.9837664954104699,28460,1003052218,242256567,1188637628,3597200488,3079647324,1991348854,3940164265,1842078136,500,5000,5,1,1,2000,0.0,SA,RMP,RMP,None,None,None,None,None,0.0005,0.9999,1,5e-05,None,None,None,28460,None,None,None,None,None,None
492.95615793,0.9595,0.8530557526781287,37978,2330016662,377316769,58190553,143094587,2098990027,2961051826,3366491253,2565615884,500,5000,6,3,3,2000,0.0,SA,RMP,RMP,None,None,None,None,None,0.0005,0.9999,1,5e-05,None,None,None,37978,None,None,None,None,None,None
1413.284480369,0.805,0.41284916851795805,53226,1875300841,4097717551,475127754,1774036707,2608594036,1282637250,3853139136,1913496372,500,5000,11,3,3,2000,0.0,SA,RMP,RMP,None,None,None,None,None,0.0005,0.9999,1,5e-05,None,None,None,53226,None,None,None,None,None,None
1163.82131512,0.8355,0.4904883461546323,18668,2501688745,1303148366,3244680539,2010553042,4286057325,3671550277,3095964344,2796426257,500,5000,11,1,1,2000,0.0,SA,RMP,RMP,None,None,None,None,None,0.0005,0.9999,1,5e-05,None,None,None,18668,None,None,None,None,None,None
359.744134897,0.982,0.9662307655867405,28460,1003052218,242256567,1188637628,3597200488,3079647324,1991348854,3940164265,1842078136,500,5000,4,2,2,2000,0.0,SA,RMP,RMP,None,None,None,None,None,0.0005,0.9999,1,5e-05,None,None,None,28460,None,None,None,None,None,None
278.893779059,0.997,0.9684303676979142,28460,1003052218,242256567,1188637628,3597200488,3079647324,1991348854,3940164265,1842078136,500,5000,6,1,1,2000,0.0,SA,RMP,RMP,None,None,None,None,None,0.0005,0.9999,1,5e-05,None,None,None,28460,None,None,None,None,None,None
461.207747732,0.9925,0.9509580438814622,28460,1003052218,242256567,1188637628,3597200488,3079647324,1991348854,3940164265,1842078136,500,5000,3,3,3,2000,0.0,SA,RMP,RMP,None,None,None,None,None,0.0005,0.9999,1,5e-05,None,None,None,28460,None,None,None,None,None,None
190.567272527,1.0,0.9974796985122162,12571,3320742466,2486208829,4185581734,694297548,688513109,480933607,2711512545,1923468104,500,5000,3,2,2,2000,0.0,SA,RMP,RMP,None,None,None,None,None,0.0005,0.9999,1,5e-05,None,None,None,12571,None,None,None,None,None,None
526.326331943,0.992,0.945189196809685,37978,2330016662,377316769,58190553,143094587,2098990027,2961051826,3366491253,2565615884,500,5000,7,3,3,2000,0.0,SA,RMP,RMP,None,None,None,None,None,0.0005,0.9999,1,5e-05,None,None,None,37978,None,None,None,None,None,None
304.713189596,0.918,0.8493738023532899,28460,1003052218,242256567,1188637628,3597200488,3079647324,1991348854,3940164265,1842078136,500,5000,7,1,1,2000,0.0,SA,RMP,RMP,None,None,None,None,None,0.0005,0.9999,1,5e-05,None,None,None,28460,None,None,None,None,None,None
141.229592032,1.0,0.9900318229085874,12571,3320742466,2486208829,4185581734,694297548,688513109,480933607,2711512545,1923468104,500,5000,4,1,1,2000,0.0,SA,RMP,RMP,None,None,None,None,None,0.0005,0.9999,1,5e-05,None,None,None,12571,None,None,None,None,None,None
369.205660261,0.999,0.9887728370893623,28460,1003052218,242256567,1188637628,3597200488,3079647324,1991348854,3940164265,1842078136,500,5000,5,2,2,2000,0.0,SA,RMP,RMP,None,None,None,None,None,0.0005,0.9999,1,5e-05,None,None,None,28460,None,None,None,None,None,None
145.250393842,1.0,0.9878991943016959,12571,3320742466,2486208829,4185581734,694297548,688513109,480933607,2711512545,1923468104,500,5000,5,1,1,2000,0.0,SA,RMP,RMP,None,None,None,None,None,0.0005,0.9999,1,5e-05,None,None,None,12571,None,None,None,None,None,None
265.64949024099997,0.9965,0.9927888773702574,12571,3320742466,2486208829,4185581734,694297548,688513109,480933607,2711512545,1923468104,500,5000,3,1,1,2000,0.0,SA,RMP,RMP,None,None,None,None,None,0.0005,0.9999,1,5e-05,None,None,None,12571,None,None,None,None,None,None
1287.589014408,0.8285,0.4144579325425651,18668,2501688745,1303148366,3244680539,2010553042,4286057325,3671550277,3095964344,2796426257,500,5000,11,2,2,2000,0.0,SA,RMP,RMP,None,None,None,None,None,0.0005,0.9999,1,5e-05,None,None,None,18668,None,None,None,None,None,None
391.78908070100005,0.9675,0.8938829098018871,28460,1003052218,242256567,1188637628,3597200488,3079647324,1991348854,3940164265,1842078136,500,5000,6,2,2,2000,0.0,SA,RMP,RMP,None,None,None,None,None,0.0005,0.9999,1,5e-05,None,None,None,28460,None,None,None,None,None,None
465.396513463,0.981,0.9131529239440178,28460,1003052218,242256567,1188637628,3597200488,3079647324,1991348854,3940164265,1842078136,500,5000,4,3,3,2000,0.0,SA,RMP,RMP,None,None,None,None,None,0.0005,0.9999,1,5e-05,None,None,None,28460,None,None,None,None,None,None
404.547284349,0.993,0.9174040026766137,28460,1003052218,242256567,1188637628,3597200488,3079647324,1991348854,3940164265,1842078136,500,5000,7,2,2,2000,0.0,SA,RMP,RMP,None,None,None,None,None,0.0005,0.9999,1,5e-05,None,None,None,28460,None,None,None,None,None,None
479.062218188,0.971,0.8970320362949992,28460,1003052218,242256567,1188637628,3597200488,3079647324,1991348854,3940164265,1842078136,500,5000,5,3,3,2000,0.0,SA,RMP,RMP,None,None,None,None,None,0.0005,0.9999,1,5e-05,None,None,None,28460,None,None,None,None,None,None
497.27725125700005,0.991,0.9262955791517595,28460,1003052218,242256567,1188637628,3597200488,3079647324,1991348854,3940164265,1842078136,500,5000,6,3,3,2000,0.0,SA,RMP,RMP,None,None,None,None,None,0.0005,0.9999,1,5e-05,None,None,None,28460,None,None,None,None,None,None
1385.774580154,0.894,0.6190353731748824,18668,2501688745,1303148366,3244680539,2010553042,4286057325,3671550277,3095964344,2796426257,500,5000,11,3,3,2000,0.0,SA,RMP,RMP,None,None,None,None,None,0.0005,0.9999,1,5e-05,None,None,None,18668,None,None,None,None,None,None
1168.8652298499999,0.847,0.5459533769530212,14108,682237340,377108979,2152061568,3553282116,2155026229,3788124195,2857390630,3778630534,500,5000,11,1,1,2000,0.0,SA,RMP,RMP,None,None,None,None,None,0.0005,0.9999,1,5e-05,None,None,None,14108,None,None,None,None,None,None
279.225698425,0.9965,0.9548648760574844,12571,3320742466,2486208829,4185581734,694297548,688513109,480933607,2711512545,1923468104,500,5000,6,1,1,2000,0.0,SA,RMP,RMP,None,None,None,None,None,0.0005,0.9999,1,5e-05,None,None,None,12571,None,None,None,None,None,None
364.148714417,0.9835,0.9657194755078065,12571,3320742466,2486208829,4185581734,694297548,688513109,480933607,2711512545,1923468104,500,5000,4,2,2,2000,0.0,SA,RMP,RMP,None,None,None,None,None,0.0005,0.9999,1,5e-05,None,None,None,12571,None,None,None,None,None,None
530.025396549,0.989,0.914405362902813,28460,1003052218,242256567,1188637628,3597200488,3079647324,1991348854,3940164265,1842078136,500,5000,7,3,3,2000,0.0,SA,RMP,RMP,None,None,None,None,None,0.0005,0.9999,1,5e-05,None,None,None,28460,None,None,None,None,None,None
186.667818079,1.0,0.9892491113478005,16871,4139105751,215742256,347888914,2108256881,2174792882,2147583754,485386630,1632200618,500,5000,3,2,2,2000,0.0,SA,RMP,RMP,None,None,None,None,None,0.0005,0.9999,1,5e-05,None,None,None,16871,None,None,None,None,None,None
370.337226125,0.9985,0.9779176056304262,12571,3320742466,2486208829,4185581734,694297548,688513109,480933607,2711512545,1923468104,500,5000,5,2,2,2000,0.0,SA,RMP,RMP,None,None,None,None,None,0.0005,0.9999,1,5e-05,None,None,None,12571,None,None,None,None,None,None
461.554628256,0.9985,0.9901231861837742,12571,3320742466,2486208829,4185581734,694297548,688513109,480933607,2711512545,1923468104,500,5000,3,3,3,2000,0.0,SA,RMP,RMP,None,None,None,None,None,0.0005,0.9999,1,5e-05,None,None,None,12571,None,None,None,None,None,None
304.719282148,0.991,0.9392507473367497,12571,3320742466,2486208829,4185581734,694297548,688513109,480933607,2711512545,1923468104,500,5000,7,1,1,2000,0.0,SA,RMP,RMP,None,None,None,None,None,0.0005,0.9999,1,5e-05,None,None,None,12571,None,None,None,None,None,None
1286.704568564,0.861,0.4870109437477587,14108,682237340,377108979,2152061568,3553282116,2155026229,3788124195,2857390630,3778630534,500,5000,11,2,2,2000,0.0,SA,RMP,RMP,None,None,None,None,None,0.0005,0.9999,1,5e-05,None,None,None,14108,None,None,None,None,None,None
275.092220647,0.998,0.9827370889610411,16871,4139105751,215742256,347888914,2108256881,2174792882,2147583754,485386630,1632200618,500,5000,3,1,1,2000,0.0,SA,RMP,RMP,None,None,None,None,None,0.0005,0.9999,1,5e-05,None,None,None,16871,None,None,None,None,None,None
217.47392911400001,1.0,0.9880866981187966,16871,4139105751,215742256,347888914,2108256881,2174792882,2147583754,485386630,1632200618,500,5000,4,2,2,2000,0.0,SA,RMP,RMP,None,None,None,None,None,0.0005,0.9999,1,5e-05,None,None,None,16871,None,None,None,None,None,None
382.540849191,0.999,0.9681809895289202,12571,3320742466,2486208829,4185581734,694297548,688513109,480933607,2711512545,1923468104,500,5000,6,2,2,2000,0.0,SA,RMP,RMP,None,None,None,None,None,0.0005,0.9999,1,5e-05,None,None,None,12571,None,None,None,None,None,None
267.44804503,0.999,0.9943766886691411,16871,4139105751,215742256,347888914,2108256881,2174792882,2147583754,485386630,1632200618,500,5000,4,1,1,2000,0.0,SA,RMP,RMP,None,None,None,None,None,0.0005,0.9999,1,5e-05,None,None,None,16871,None,None,None,None,None,None
8.969886474,1.0,0.9976869349637835,23648,1562126747,1830070378,2761819287,3991865553,3061457853,4146871458,2897397853,1220144942,500,5000,3,1,1,2000,0.0,SA,RMP,RMP,None,None,None,None,None,0.0005,0.9999,1,5e-05,None,None,None,23648,None,None,None,None,None,None
474.255294726,0.969,0.9037622628544759,12571,3320742466,2486208829,4185581734,694297548,688513109,480933607,2711512545,1923468104,500,5000,4,3,3,2000,0.0,SA,RMP,RMP,None,None,None,None,None,0.0005,0.9999,1,5e-05,None,None,None,12571,None,None,None,None,None,None
410.410371096,0.9925,0.9083445497861781,12571,3320742466,2486208829,4185581734,694297548,688513109,480933607,2711512545,1923468104,500,5000,7,2,2,2000,0.0,SA,RMP,RMP,None,None,None,None,None,0.0005,0.9999,1,5e-05,None,None,None,12571,None,None,None,None,None,None
480.67642372399996,0.9985,0.9744838248865421,12571,3320742466,2486208829,4185581734,694297548,688513109,480933607,2711512545,1923468104,500,5000,5,3,3,2000,0.0,SA,RMP,RMP,None,None,None,None,None,0.0005,0.9999,1,5e-05,None,None,None,12571,None,None,None,None,None,None
1397.8004232409999,0.848,0.4914173921823236,14108,682237340,377108979,2152061568,3553282116,2155026229,3788124195,2857390630,3778630534,500,5000,11,3,3,2000,0.0,SA,RMP,RMP,None,None,None,None,None,0.0005,0.9999,1,5e-05,None,None,None,14108,None,None,None,None,None,None
269.83637128900006,0.9925,0.9708452511059132,16871,4139105751,215742256,347888914,2108256881,2174792882,2147583754,485386630,1632200618,500,5000,5,1,1,2000,0.0,SA,RMP,RMP,None,None,None,None,None,0.0005,0.9999,1,5e-05,None,None,None,16871,None,None,None,None,None,None
1162.90246966,0.7895,0.39128270169049334,52086,2867563563,136676240,2014181006,3728114457,16230855,3574785223,4199397321,1633532376,500,5000,11,1,1,2000,0.0,SA,RMP,RMP,None,None,None,None,None,0.0005,0.9999,1,5e-05,None,None,None,52086,None,None,None,None,None,None
499.455610137,0.977,0.9058443167613038,12571,3320742466,2486208829,4185581734,694297548,688513109,480933607,2711512545,1923468104,500,5000,6,3,3,2000,0.0,SA,RMP,RMP,None,None,None,None,None,0.0005,0.9999,1,5e-05,None,None,None,12571,None,None,None,None,None,None
283.331059606,0.999,0.9800494948305342,16871,4139105751,215742256,347888914,2108256881,2174792882,2147583754,485386630,1632200618,500,5000,6,1,1,2000,0.0,SA,RMP,RMP,None,None,None,None,None,0.0005,0.9999,1,5e-05,None,None,None,16871,None,None,None,None,None,None
460.693516117,0.9915,0.958691851232243,16871,4139105751,215742256,347888914,2108256881,2174792882,2147583754,485386630,1632200618,500,5000,3,3,3,2000,0.0,SA,RMP,RMP,None,None,None,None,None,0.0005,0.9999,1,5e-05,None,None,None,16871,None,None,None,None,None,None
536.148979197,0.9865,0.9013412023722245,12571,3320742466,2486208829,4185581734,694297548,688513109,480933607,2711512545,1923468104,500,5000,7,3,3,2000,0.0,SA,RMP,RMP,None,None,None,None,None,0.0005,0.9999,1,5e-05,None,None,None,12571,None,None,None,None,None,None
371.475257864,0.885,0.7134310058342644,16871,4139105751,215742256,347888914,2108256881,2174792882,2147583754,485386630,1632200618,500,5000,5,2,2,2000,0.0,SA,RMP,RMP,None,None,None,None,None,0.0005,0.9999,1,5e-05,None,None,None,16871,None,None,None,None,None,None
418.537276498,1.0,0.9847557739479372,16871,4139105751,215742256,347888914,2108256881,2174792882,2147583754,485386630,1632200618,500,5000,4,3,3,2000,0.0,SA,RMP,RMP,None,None,None,None,None,0.0005,0.9999,1,5e-05,None,None,None,16871,None,None,None,None,None,None
304.306311542,0.987,0.9318290386850584,16871,4139105751,215742256,347888914,2108256881,2174792882,2147583754,485386630,1632200618,500,5000,7,1,1,2000,0.0,SA,RMP,RMP,None,None,None,None,None,0.0005,0.9999,1,5e-05,None,None,None,16871,None,None,None,None,None,None
264.759062522,1.0,0.995153540538829,23648,1562126747,1830070378,2761819287,3991865553,3061457853,4146871458,2897397853,1220144942,500,5000,3,2,2,2000,0.0,SA,RMP,RMP,None,None,None,None,None,0.0005,0.9999,1,5e-05,None,None,None,23648,None,None,None,None,None,None
250.999616866,1.0,0.9934163688243377,23648,1562126747,1830070378,2761819287,3991865553,3061457853,4146871458,2897397853,1220144942,500,5000,4,1,1,2000,0.0,SA,RMP,RMP,None,None,None,None,None,0.0005,0.9999,1,5e-05,None,None,None,23648,None,None,None,None,None,None
1298.9663873610002,0.8335,0.4472399984851679,52086,2867563563,136676240,2014181006,3728114457,16230855,3574785223,4199397321,1633532376,500,5000,11,2,2,2000,0.0,SA,RMP,RMP,None,None,None,None,None,0.0005,0.9999,1,5e-05,None,None,None,52086,None,None,None,None,None,None
383.230174815,0.993,0.9734266504354417,16871,4139105751,215742256,347888914,2108256881,2174792882,2147583754,485386630,1632200618,500,5000,6,2,2,2000,0.0,SA,RMP,RMP,None,None,None,None,None,0.0005,0.9999,1,5e-05,None,None,None,16871,None,None,None,None,None,None
219.707978722,1.0,0.9882878628156708,23648,1562126747,1830070378,2761819287,3991865553,3061457853,4146871458,2897397853,1220144942,500,5000,5,1,1,2000,0.0,SA,RMP,RMP,None,None,None,None,None,0.0005,0.9999,1,5e-05,None,None,None,23648,None,None,None,None,None,None
38.346432464,1.0,0.9893646213226767,28680,1935715699,1282034261,3435942602,3433944897,687853516,3915835545,3329526470,477859163,500,5000,4,1,1,2000,0.0,SA,RMP,RMP,None,None,None,None,None,0.0005,0.9999,1,5e-05,None,None,None,28680,None,None,None,None,None,None
478.835833998,0.9965,0.9774432090544007,16871,4139105751,215742256,347888914,2108256881,2174792882,2147583754,485386630,1632200618,500,5000,5,3,3,2000,0.0,SA,RMP,RMP,None,None,None,None,None,0.0005,0.9999,1,5e-05,None,None,None,16871,None,None,None,None,None,None
402.870220948,0.9915,0.9297611027137044,16871,4139105751,215742256,347888914,2108256881,2174792882,2147583754,485386630,1632200618,500,5000,7,2,2,2000,0.0,SA,RMP,RMP,None,None,None,None,None,0.0005,0.9999,1,5e-05,None,None,None,16871,None,None,None,None,None,None
359.555919609,0.999,0.991339389372952,23648,1562126747,1830070378,2761819287,3991865553,3061457853,4146871458,2897397853,1220144942,500,5000,4,2,2,2000,0.0,SA,RMP,RMP,None,None,None,None,None,0.0005,0.9999,1,5e-05,None,None,None,23648,None,None,None,None,None,None
1166.371554139,0.816,0.4159030158231837,37978,2330016662,377316769,58190553,143094587,2098990027,2961051826,3366491253,2565615884,500,5000,11,1,1,2000,0.0,SA,RMP,RMP,None,None,None,None,None,0.0005,0.9999,1,5e-05,None,None,None,37978,None,None,None,None,None,None
496.772247196,0.9935,0.9428316810682245,16871,4139105751,215742256,347888914,2108256881,2174792882,2147583754,485386630,1632200618,500,5000,6,3,3,2000,0.0,SA,RMP,RMP,None,None,None,None,None,0.0005,0.9999,1,5e-05,None,None,None,16871,None,None,None,None,None,None
1415.7785815779998,0.8445,0.4576816110956516,52086,2867563563,136676240,2014181006,3728114457,16230855,3574785223,4199397321,1633532376,500,5000,11,3,3,2000,0.0,SA,RMP,RMP,None,None,None,None,None,0.0005,0.9999,1,5e-05,None,None,None,52086,None,None,None,None,None,None
277.259458072,0.996,0.9584925418575168,23648,1562126747,1830070378,2761819287,3991865553,3061457853,4146871458,2897397853,1220144942,500,5000,6,1,1,2000,0.0,SA,RMP,RMP,None,None,None,None,None,0.0005,0.9999,1,5e-05,None,None,None,23648,None,None,None,None,None,None
151.252846407,1.0,0.998028178677128,28680,1935715699,1282034261,3435942602,3433944897,687853516,3915835545,3329526470,477859163,500,5000,3,1,1,2000,0.0,SA,RMP,RMP,None,None,None,None,None,0.0005,0.9999,1,5e-05,None,None,None,28680,None,None,None,None,None,None
66.592993096,1.0,0.9789841892353494,28680,1935715699,1282034261,3435942602,3433944897,687853516,3915835545,3329526470,477859163,500,5000,5,1,1,2000,0.0,SA,RMP,RMP,None,None,None,None,None,0.0005,0.9999,1,5e-05,None,None,None,28680,None,None,None,None,None,None
366.59428123500004,0.998,0.9864441675433715,23648,1562126747,1830070378,2761819287,3991865553,3061457853,4146871458,2897397853,1220144942,500,5000,5,2,2,2000,0.0,SA,RMP,RMP,None,None,None,None,None,0.0005,0.9999,1,5e-05,None,None,None,23648,None,None,None,None,None,None
454.664629591,0.9995,0.9936109570108131,23648,1562126747,1830070378,2761819287,3991865553,3061457853,4146871458,2897397853,1220144942,500,5000,3,3,3,2000,0.0,SA,RMP,RMP,None,None,None,None,None,0.0005,0.9999,1,5e-05,None,None,None,23648,None,None,None,None,None,None
520.87818836,0.994,0.9451909833297296,16871,4139105751,215742256,347888914,2108256881,2174792882,2147583754,485386630,1632200618,500,5000,7,3,3,2000,0.0,SA,RMP,RMP,None,None,None,None,None,0.0005,0.9999,1,5e-05,None,None,None,16871,None,None,None,None,None,None
302.444904819,0.9975,0.928761724441155,23648,1562126747,1830070378,2761819287,3991865553,3061457853,4146871458,2897397853,1220144942,500,5000,7,1,1,2000,0.0,SA,RMP,RMP,None,None,None,None,None,0.0005,0.9999,1,5e-05,None,None,None,23648,None,None,None,None,None,None
222.12661524799998,1.0,0.9947091441868945,28680,1935715699,1282034261,3435942602,3433944897,687853516,3915835545,3329526470,477859163,500,5000,3,2,2,2000,0.0,SA,RMP,RMP,None,None,None,None,None,0.0005,0.9999,1,5e-05,None,None,None,28680,None,None,None,None,None,None
170.765934126,1.0,0.9908476189008709,28680,1935715699,1282034261,3435942602,3433944897,687853516,3915835545,3329526470,477859163,500,5000,4,2,2,2000,0.0,SA,RMP,RMP,None,None,None,None,None,0.0005,0.9999,1,5e-05,None,None,None,28680,None,None,None,None,None,None
1291.225268733,0.816,0.4382446257716146,37978,2330016662,377316769,58190553,143094587,2098990027,2961051826,3366491253,2565615884,500,5000,11,2,2,2000,0.0,SA,RMP,RMP,None,None,None,None,None,0.0005,0.9999,1,5e-05,None,None,None,37978,None,None,None,None,None,None
385.88534614300005,0.9965,0.9644937400029892,23648,1562126747,1830070378,2761819287,3991865553,3061457853,4146871458,2897397853,1220144942,500,5000,6,2,2,2000,0.0,SA,RMP,RMP,None,None,None,None,None,0.0005,0.9999,1,5e-05,None,None,None,23648,None,None,None,None,None,None
469.983535849,0.9955,0.9865276082363234,23648,1562126747,1830070378,2761819287,3991865553,3061457853,4146871458,2897397853,1220144942,500,5000,4,3,3,2000,0.0,SA,RMP,RMP,None,None,None,None,None,0.0005,0.9999,1,5e-05,None,None,None,23648,None,None,None,None,None,None
481.007183026,0.999,0.9658274386360821,23648,1562126747,1830070378,2761819287,3991865553,3061457853,4146871458,2897397853,1220144942,500,5000,5,3,3,2000,0.0,SA,RMP,RMP,None,None,None,None,None,0.0005,0.9999,1,5e-05,None,None,None,23648,None,None,None,None,None,None
412.87631620300004,0.989,0.8960176154764474,23648,1562126747,1830070378,2761819287,3991865553,3061457853,4146871458,2897397853,1220144942,500,5000,7,2,2,2000,0.0,SA,RMP,RMP,None,None,None,None,None,0.0005,0.9999,1,5e-05,None,None,None,23648,None,None,None,None,None,None
109.145580896,1.0,0.998074304148898,41362,836575595,3743262524,3899345364,572913666,879566507,1848874898,1858178168,1585773875,500,5000,3,1,1,2000,0.0,SA,RMP,RMP,None,None,None,None,None,0.0005,0.9999,1,5e-05,None,None,None,41362,None,None,None,None,None,None
1395.916335822,0.849,0.4906977605368621,37978,2330016662,377316769,58190553,143094587,2098990027,2961051826,3366491253,2565615884,500,5000,11,3,3,2000,0.0,SA,RMP,RMP,None,None,None,None,None,0.0005,0.9999,1,5e-05,None,None,None,37978,None,None,None,None,None,None
1168.5258413230001,0.783,0.3553393263377393,28460,1003052218,242256567,1188637628,3597200488,3079647324,1991348854,3940164265,1842078136,500,5000,11,1,1,2000,0.0,SA,RMP,RMP,None,None,None,None,None,0.0005,0.9999,1,5e-05,None,None,None,28460,None,None,None,None,None,None
276.971650245,0.9945,0.9670890353536783,28680,1935715699,1282034261,3435942602,3433944897,687853516,3915835545,3329526470,477859163,500,5000,6,1,1,2000,0.0,SA,RMP,RMP,None,None,None,None,None,0.0005,0.9999,1,5e-05,None,None,None,28680,None,None,None,None,None,None
505.53471373800005,0.992,0.9463610792872089,23648,1562126747,1830070378,2761819287,3991865553,3061457853,4146871458,2897397853,1220144942,500,5000,6,3,3,2000,0.0,SA,RMP,RMP,None,None,None,None,None,0.0005,0.9999,1,5e-05,None,None,None,23648,None,None,None,None,None,None
301.786809245,0.993,0.9480943492059996,28680,1935715699,1282034261,3435942602,3433944897,687853516,3915835545,3329526470,477859163,500,5000,7,1,1,2000,0.0,SA,RMP,RMP,None,None,None,None,None,0.0005,0.9999,1,5e-05,None,None,None,28680,None,None,None,None,None,None
528.123531645,0.9905,0.9241490231424598,23648,1562126747,1830070378,2761819287,3991865553,3061457853,4146871458,2897397853,1220144942,500,5000,7,3,3,2000,0.0,SA,RMP,RMP,None,None,None,None,None,0.0005,0.9999,1,5e-05,None,None,None,23648,None,None,None,None,None,None
457.775830559,0.997,0.9820964157915468,28680,1935715699,1282034261,3435942602,3433944897,687853516,3915835545,3329526470,477859163,500,5000,3,3,3,2000,0.0,SA,RMP,RMP,None,None,None,None,None,0.0005,0.9999,1,5e-05,None,None,None,28680,None,None,None,None,None,None
373.463946134,0.9985,0.9761127177781943,28680,1935715699,1282034261,3435942602,3433944897,687853516,3915835545,3329526470,477859163,500,5000,5,2,2,2000,0.0,SA,RMP,RMP,None,None,None,None,None,0.0005,0.9999,1,5e-05,None,None,None,28680,None,None,None,None,None,None
246.4869871,1.0,0.9982818093490227,41362,836575595,3743262524,3899345364,572913666,879566507,1848874898,1858178168,1585773875,500,5000,3,2,2,2000,0.0,SA,RMP,RMP,None,None,None,None,None,0.0005,0.9999,1,5e-05,None,None,None,41362,None,None,None,None,None,None
240.729450926,1.0,0.9850578363292932,41362,836575595,3743262524,3899345364,572913666,879566507,1848874898,1858178168,1585773875,500,5000,4,1,1,2000,0.0,SA,RMP,RMP,None,None,None,None,None,0.0005,0.9999,1,5e-05,None,None,None,41362,None,None,None,None,None,None
381.436308058,0.9955,0.964198666024779,28680,1935715699,1282034261,3435942602,3433944897,687853516,3915835545,3329526470,477859163,500,5000,6,2,2,2000,0.0,SA,RMP,RMP,None,None,None,None,None,0.0005,0.9999,1,5e-05,None,None,None,28680,None,None,None,None,None,None
1280.0816226529998,0.8705,0.505187969395907,28460,1003052218,242256567,1188637628,3597200488,3079647324,1991348854,3940164265,1842078136,500,5000,11,2,2,2000,0.0,SA,RMP,RMP,None,None,None,None,None,0.0005,0.9999,1,5e-05,None,None,None,28460,None,None,None,None,None,None
464.500589064,0.998,0.9808555402522865,28680,1935715699,1282034261,3435942602,3433944897,687853516,3915835545,3329526470,477859163,500,5000,4,3,3,2000,0.0,SA,RMP,RMP,None,None,None,None,None,0.0005,0.9999,1,5e-05,None,None,None,28680,None,None,None,None,None,None
412.094177309,0.9805,0.9030815843027532,28680,1935715699,1282034261,3435942602,3433944897,687853516,3915835545,3329526470,477859163,500,5000,7,2,2,2000,0.0,SA,RMP,RMP,None,None,None,None,None,0.0005,0.9999,1,5e-05,None,None,None,28680,None,None,None,None,None,None
258.160211065,1.0,0.9849406630674801,41362,836575595,3743262524,3899345364,572913666,879566507,1848874898,1858178168,1585773875,500,5000,4,3,3,2000,0.0,SA,RMP,RMP,None,None,None,None,None,0.0005,0.9999,1,5e-05,None,None,None,41362,None,None,None,None,None,None
482.178727412,0.934,0.8644236003282164,28680,1935715699,1282034261,3435942602,3433944897,687853516,3915835545,3329526470,477859163,500,5000,5,3,3,2000,0.0,SA,RMP,RMP,None,None,None,None,None,0.0005,0.9999,1,5e-05,None,None,None,28680,None,None,None,None,None,None
271.561275029,0.987,0.9550334545661568,41362,836575595,3743262524,3899345364,572913666,879566507,1848874898,1858178168,1585773875,500,5000,5,1,1,2000,0.0,SA,RMP,RMP,None,None,None,None,None,0.0005,0.9999,1,5e-05,None,None,None,41362,None,None,None,None,None,None
102.025450549,1.0,0.9950011498536343,1671,4140413427,1955191247,1441904122,1291934632,268603720,1854582684,1518382999,3748463114,500,5000,3,1,1,2000,0.0,SA,RMP,RMP,None,None,None,None,None,0.0005,0.9999,1,5e-05,None,None,None,1671,None,None,None,None,None,None
361.347703291,0.9985,0.9835216494187516,41362,836575595,3743262524,3899345364,572913666,879566507,1848874898,1858178168,1585773875,500,5000,4,2,2,2000,0.0,SA,RMP,RMP,None,None,None,None,None,0.0005,0.9999,1,5e-05,None,None,None,41362,None,None,None,None,None,None
494.719098659,0.9865,0.9235224446122124,28680,1935715699,1282034261,3435942602,3433944897,687853516,3915835545,3329526470,477859163,500,5000,6,3,3,2000,0.0,SA,RMP,RMP,None,None,None,None,None,0.0005,0.9999,1,5e-05,None,None,None,28680,None,None,None,None,None,None
1393.849686248,0.8215,0.38390611305883315,28460,1003052218,242256567,1188637628,3597200488,3079647324,1991348854,3940164265,1842078136,500,5000,11,3,3,2000,0.0,SA,RMP,RMP,None,None,None,None,None,0.0005,0.9999,1,5e-05,None,None,None,28460,None,None,None,None,None,None
91.258773215,1.0,0.9876788713812137,1671,4140413427,1955191247,1441904122,1291934632,268603720,1854582684,1518382999,3748463114,500,5000,4,1,1,2000,0.0,SA,RMP,RMP,None,None,None,None,None,0.0005,0.9999,1,5e-05,None,None,None,1671,None,None,None,None,None,None
282.492883176,0.979,0.9688877056132538,41362,836575595,3743262524,3899345364,572913666,879566507,1848874898,1858178168,1585773875,500,5000,6,1,1,2000,0.0,SA,RMP,RMP,None,None,None,None,None,0.0005,0.9999,1,5e-05,None,None,None,41362,None,None,None,None,None,None
1186.227565464,0.8165,0.41890981398732086,12571,3320742466,2486208829,4185581734,694297548,688513109,480933607,2711512545,1923468104,500,5000,11,1,1,2000,0.0,SA,RMP,RMP,None,None,None,None,None,0.0005,0.9999,1,5e-05,None,None,None,12571,None,None,None,None,None,None
524.660281192,0.9815,0.9014071656857626,28680,1935715699,1282034261,3435942602,3433944897,687853516,3915835545,3329526470,477859163,500,5000,7,3,3,2000,0.0,SA,RMP,RMP,None,None,None,None,None,0.0005,0.9999,1,5e-05,None,None,None,28680,None,None,None,None,None,None
457.790220707,0.9625,0.885879132970992,41362,836575595,3743262524,3899345364,572913666,879566507,1848874898,1858178168,1585773875,500,5000,3,3,3,2000,0.0,SA,RMP,RMP,None,None,None,None,None,0.0005,0.9999,1,5e-05,None,None,None,41362,None,None,None,None,None,None
370.733748488,0.998,0.9850335515718693,41362,836575595,3743262524,3899345364,572913666,879566507,1848874898,1858178168,1585773875,500,5000,5,2,2,2000,0.0,SA,RMP,RMP,None,None,None,None,None,0.0005,0.9999,1,5e-05,None,None,None,41362,None,None,None,None,None,None
305.17528728400004,0.987,0.9337837360295788,41362,836575595,3743262524,3899345364,572913666,879566507,1848874898,1858178168,1585773875,500,5000,7,1,1,2000,0.0,SA,RMP,RMP,None,None,None,None,None,0.0005,0.9999,1,5e-05,None,None,None,41362,None,None,None,None,None,None
1284.176991207,0.821,0.4553770690609068,12571,3320742466,2486208829,4185581734,694297548,688513109,480933607,2711512545,1923468104,500,5000,11,2,2,2000,0.0,SA,RMP,RMP,None,None,None,None,None,0.0005,0.9999,1,5e-05,None,None,None,12571,None,None,None,None,None,None
385.29734829800003,0.9955,0.952858775293597,41362,836575595,3743262524,3899345364,572913666,879566507,1848874898,1858178168,1585773875,500,5000,6,2,2,2000,0.0,SA,RMP,RMP,None,None,None,None,None,0.0005,0.9999,1,5e-05,None,None,None,41362,None,None,None,None,None,None
475.961236513,0.997,0.9607450010210208,41362,836575595,3743262524,3899345364,572913666,879566507,1848874898,1858178168,1585773875,500,5000,5,3,3,2000,0.0,SA,RMP,RMP,None,None,None,None,None,0.0005,0.9999,1,5e-05,None,None,None,41362,None,None,None,None,None,None
